电影类别,备案立项号,片名,备案单位,编剧,备案结果,备案地,梗概,公示日期,公示批次名称,备案详细页链接,公示批次链接
故事影片,影剧备字〔2021〕第1547号,你变了，我们离婚吧,安徽艾欧联美影业有限公司,赵庆莹,同意拍摄,安徽省,一对相爱多年的80后夫妻因妻子罹患癌症，心疼丈夫的妻子智贤为爱出发致使婚姻走到尽头。在离婚冷静期三十天里，得知真相的丈夫李扬用真诚唤醒妻子的记忆，最终迎来美好的结局。,2021-06-04,国家电影局关于2021年4月全国电影剧本（梗概）  备案、立项公示的通知-电影备案立项公示-国家电影局,http://www.chinafilm.gov.cn/chinafilm/utils/serviceContent.shtml?ID=56276,http://www.chinafilm.gov.cn/chinafilm/contents/167/3470.shtml
故事影片,影剧备字〔2021〕第1550号,摇滚乡村,安徽黑马创艺影业有限公司,李新杰,同意拍摄,安徽省,大学生村干部小余来到了菊花村开始了第六年的任期，在村书记和主任的支持下，举办了首届菊花旅游节，推广乡村文化，实现了“文化＋旅游”的乡村振兴路线，同时自己也找到了未来的发展之路，认清了自我。,2021-06-04,国家电影局关于2021年4月全国电影剧本（梗概）  备案、立项公示的通知-电影备案立项公示-国家电影局,http://www.chinafilm.gov.cn/chinafilm/utils/serviceContent.shtml?ID=56277,http://www.chinafilm.gov.cn/chinafilm/contents/167/3470.shtml
故事影片,影剧备字〔2021〕第1551号,冬日里的大鹅,安徽金沙文化产业投资有限公司,许多,同意拍摄,安徽省,孙小翔大学毕业返乡，纪睿，警校毕业生，深入农村磨炼，希望做出成绩。二人在已脱贫的“金盛村”相遇，本想着工作并不会困难，岂知“扶贫”难，防“返贫”更难。在了解村庄情况后，摸索出带领村民走向致富的道路。,2021-06-04,国家电影局关于2021年4月全国电影剧本（梗概）  备案、立项公示的通知-电影备案立项公示-国家电影局,http://www.chinafilm.gov.cn/chinafilm/utils/serviceContent.shtml?ID=56278,http://www.chinafilm.gov.cn/chinafilm/contents/167/3470.shtml
故事影片,影剧备字〔2021〕第1497号,鸭儿嫂（黄梅戏电影）,安徽再芬黄梅文化艺术股份有限公司,谢樵森、陈佑国,同意拍摄,安徽省,该剧以脱贫攻坚为大背景，通过张满秀养鸭摘掉贫困户帽子后，主动结对帮扶贫困户小六子的故事，塑造了一位农村妇女在脱贫奔小康道路上自强不息、励志奋斗、诚信经营的形象，彰显邻里相帮、守望相助的传统美德。,2021-06-04,国家电影局关于2021年4月全国电影剧本（梗概）  备案、立项公示的通知-电影备案立项公示-国家电影局,http://www.chinafilm.gov.cn/chinafilm/utils/serviceContent.shtml?ID=56279,http://www.chinafilm.gov.cn/chinafilm/contents/167/3470.shtml
故事影片,影剧备字〔2021〕第1719号,双山阻击战,合肥方泉广告传媒有限公司,许泽夫,同意拍摄,安徽省,回望历史所带来的震撼，它让我们牢记：中华儿女只要万众一心，就能抵御一切来犯之敌，就能实现屹立于世界民族之林的中国梦。,2021-06-04,国家电影局关于2021年4月全国电影剧本（梗概）  备案、立项公示的通知-电影备案立项公示-国家电影局,http://www.chinafilm.gov.cn/chinafilm/utils/serviceContent.shtml?ID=56280,http://www.chinafilm.gov.cn/chinafilm/contents/167/3470.shtml
故事影片,影剧备字〔2021〕第1530号,秘密的她,爱你影业（北京）有限公司、合肥亚寰影业有限公司、天空影业（天津）有限公司、北京中联顺合投资管理有限公司,韩笑,同意拍摄,北京市,大龄“剩女”苏漾华丽的外表下伪装着一颗脆弱的心。在遭遇爱情事业与疾病的多重打击后，她偶遇了积极阳光的年轻“老中医”叶昊初，对方用浓浓的爱与细水长流的陪伴治愈了苏漾的身心，帮助她重新找回了自我。,2021-06-04,国家电影局关于2021年4月全国电影剧本（梗概）  备案、立项公示的通知-电影备案立项公示-国家电影局,http://www.chinafilm.gov.cn/chinafilm/utils/serviceContent.shtml?ID=56281,http://www.chinafilm.gov.cn/chinafilm/contents/167/3470.shtml
故事影片,影剧备字〔2021〕第1673号,蓝色星光,邦博（北京）电影有限公司,李建武,同意拍摄,北京市,谨以此片，献礼建党100周年。影片讲述的是90后退役消防员年轻党员于涛，和八十年代消防老兵老党员马祥生的故事，从战友情到亲情、从小家到大家、从人生抉择，突显了两代党员用行动践行着“火焰蓝”精神。,2021-06-04,国家电影局关于2021年4月全国电影剧本（梗概）  备案、立项公示的通知-电影备案立项公示-国家电影局,http://www.chinafilm.gov.cn/chinafilm/utils/serviceContent.shtml?ID=56282,http://www.chinafilm.gov.cn/chinafilm/contents/167/3470.shtml
故事影片,影剧备字〔2021〕第1663号,单程,北京铛铛影业传媒有限公司,凌雨,同意拍摄,北京市,父亲退休的那一天，应该是他人生中最失落的一天，一个男人最忙的就是自己没用了，没有任何价值了，于是，退休的父亲们开始了新的人生。,2021-06-04,国家电影局关于2021年4月全国电影剧本（梗概）  备案、立项公示的通知-电影备案立项公示-国家电影局,http://www.chinafilm.gov.cn/chinafilm/utils/serviceContent.shtml?ID=56283,http://www.chinafilm.gov.cn/chinafilm/contents/167/3470.shtml
故事影片,影剧备字〔2021〕第1670号,美丽故事,北京飞天小象文化传媒有限公司,张吉彬,同意拍摄,北京市,自幼与母亲关系不好的自由导演叶笑突然接到了母亲去世的消息，他本以平静的心情回到老家处理丧事，却在丧事的过程中被一件件意外所困扰，在这过程中他才发现母亲一直在他人生中扮演者一个什么样的角色。,2021-06-04,国家电影局关于2021年4月全国电影剧本（梗概）  备案、立项公示的通知-电影备案立项公示-国家电影局,http://www.chinafilm.gov.cn/chinafilm/utils/serviceContent.shtml?ID=56284,http://www.chinafilm.gov.cn/chinafilm/contents/167/3470.shtml
故事影片,影剧备字〔2021〕第1661号,蜜月,北京凤凰飞舞影视文化有限公司,覃杨,同意拍摄,北京市,李月是一个有爱心的心理医生，在蜜月旅行中认识了一个叫张宝君摄影师，女孩发现张宝君对自己有偏见，原来对方怀疑自己害死他的弟弟，为了缓解两人的矛盾，女孩用爱心感化了对方。最后两人化解了矛盾，并成为了,2021-06-04,国家电影局关于2021年4月全国电影剧本（梗概）  备案、立项公示的通知-电影备案立项公示-国家电影局,http://www.chinafilm.gov.cn/chinafilm/utils/serviceContent.shtml?ID=56285,http://www.chinafilm.gov.cn/chinafilm/contents/167/3470.shtml
故事影片,影剧备字〔2021〕第1652号,天弓：金乌之战,北京功业影业有限公司,陈昕,同意拍摄,北京市,墨国兵器商人后无忧，乃后羿一族遗脉，恰逢天界之门开启，上古祝融后人祝融天命为复兴祝融火神之力，唤醒祝融枪，令九日同天，意在征服人类并完成火神登位之祭，后无忧为救苍生与祝融天命决战，最终将祝融天命打败。,2021-06-04,国家电影局关于2021年4月全国电影剧本（梗概）  备案、立项公示的通知-电影备案立项公示-国家电影局,http://www.chinafilm.gov.cn/chinafilm/utils/serviceContent.shtml?ID=56286,http://www.chinafilm.gov.cn/chinafilm/contents/167/3470.shtml
故事影片,影剧备字〔2021〕第1668号,奇换人声,北京谷天传媒有限责任公司,横山伸治,同意拍摄,北京市,一位处于低谷的女演员，突然接到一份为当红男演员配音的奇怪工作，当年女演员曾和那位男演员同时出道，却走上完全不一样的事业发展道路。随着两个演员的生活时空逐渐靠近，背后隐藏的故事和秘密也逐渐揭开答案。,2021-06-04,国家电影局关于2021年4月全国电影剧本（梗概）  备案、立项公示的通知-电影备案立项公示-国家电影局,http://www.chinafilm.gov.cn/chinafilm/utils/serviceContent.shtml?ID=56287,http://www.chinafilm.gov.cn/chinafilm/contents/167/3470.shtml
故事影片,影剧备字〔2021〕第1577号,约会清单,北京光线传媒股份有限公司,徐聪容,同意拍摄,北京市,30岁依旧单身的阮清辉陷入结婚焦虑，她受闺蜜启发，将身边的单身男性按照身高、学历、工作等条件列成表格，逐一约会，闹出不少笑话，想要放弃时意外遇到多情的沈晏和温柔的陆星沉后，阮清辉陷入了两难的抉择,2021-06-04,国家电影局关于2021年4月全国电影剧本（梗概）  备案、立项公示的通知-电影备案立项公示-国家电影局,http://www.chinafilm.gov.cn/chinafilm/utils/serviceContent.shtml?ID=56288,http://www.chinafilm.gov.cn/chinafilm/contents/167/3470.shtml
故事影片,影剧备字〔2021〕第1631号,谢谢你来爱我,北京光线影业有限公司,林楷淳,同意拍摄,北京市,高中时期，罗宇失手打碎教学楼的玻璃，当时刚好站在窗下的女同学董娜被砸伤，成了植物人，罗宇也因此家破人亡。多年后罗宇重遇董娜并照顾她直至清醒过来。罗宇决定用此生陪伴瘫痪的董娜并隐瞒真相，为她编织一个梦,2021-06-04,国家电影局关于2021年4月全国电影剧本（梗概）  备案、立项公示的通知-电影备案立项公示-国家电影局,http://www.chinafilm.gov.cn/chinafilm/utils/serviceContent.shtml?ID=56289,http://www.chinafilm.gov.cn/chinafilm/contents/167/3470.shtml
故事影片,影剧备字〔2021〕第1531号,大虎,北京光影奇迹影视文化有限公司,王健,同意拍摄,北京市,动物学家祁晋一直醉心于研究各种生物，一名富商找到他向其讲述自己多年前偶然登陆一座小岛并遭遇巨大生物的故事，并邀请父女二人帮其完成再次登岛的心愿。二人很快答应，但却不知等待着他们的是前所未知的嗜血生物。,2021-06-04,国家电影局关于2021年4月全国电影剧本（梗概）  备案、立项公示的通知-电影备案立项公示-国家电影局,http://www.chinafilm.gov.cn/chinafilm/utils/serviceContent.shtml?ID=56290,http://www.chinafilm.gov.cn/chinafilm/contents/167/3470.shtml
故事影片,影剧备字〔2021〕第1667号,迷失侏罗纪,北京光影奇迹影视文化有限公司,王健,同意拍摄,北京市,科学家父亲为了实现女儿的恐龙梦穿越到侏罗纪带回一颗恐龙蛋，被两只迅猛龙追到现代，并引发一系列蝴蝶效应，众人决定只有将不属于这个时代的史前生物送回他们的时空才能让一切恢复如初。,2021-06-04,国家电影局关于2021年4月全国电影剧本（梗概）  备案、立项公示的通知-电影备案立项公示-国家电影局,http://www.chinafilm.gov.cn/chinafilm/utils/serviceContent.shtml?ID=56291,http://www.chinafilm.gov.cn/chinafilm/contents/167/3470.shtml
故事影片,影剧备字〔2021〕第1687号,手术刀,北京果实创想影视文化有限公司,李钢,同意拍摄,北京市,一场意外夺去和谐家庭中唯一的孩子，失独和无法再生育的痛苦让妻子陷入精神抑郁，家庭也变得冰冷如死水一般。一个单身妈妈意外自杀，妻子领养了自杀母亲留下的孩子，却让夫妻俩陷入一场严重的信任危机……,2021-06-04,国家电影局关于2021年4月全国电影剧本（梗概）  备案、立项公示的通知-电影备案立项公示-国家电影局,http://www.chinafilm.gov.cn/chinafilm/utils/serviceContent.shtml?ID=56292,http://www.chinafilm.gov.cn/chinafilm/contents/167/3470.shtml
故事影片,影剧备字〔2021〕第1666号,心上人,北京海平面影视文化传播有限公司、中科金龙影视科技有限公司,邓怡娴,同意拍摄,北京市,性格观念南辕北辙的伊川和成杉是一对恋人，两人在分手之际各自去彼此家乡（大庆和三亚）的旅行让他们理解了对方，找回了爱情初心。,2021-06-04,国家电影局关于2021年4月全国电影剧本（梗概）  备案、立项公示的通知-电影备案立项公示-国家电影局,http://www.chinafilm.gov.cn/chinafilm/utils/serviceContent.shtml?ID=56293,http://www.chinafilm.gov.cn/chinafilm/contents/167/3470.shtml
故事影片,影剧备字〔2021〕第1521号,探市,北京河北村民俗文化有限公司,谷金暖,同意拍摄,北京市,民国末年，沈二在鬼市捡了个包袱，本以为能发笔横财，他打开一看，招来了刑侦科长代青。代青一查到底，得知“毒狼”杀人一贯取头。代青连抓几人，浮出了幕后黑手，情理之中意料之外的凶手终被处死于刑场。,2021-06-04,国家电影局关于2021年4月全国电影剧本（梗概）  备案、立项公示的通知-电影备案立项公示-国家电影局,http://www.chinafilm.gov.cn/chinafilm/utils/serviceContent.shtml?ID=56294,http://www.chinafilm.gov.cn/chinafilm/contents/167/3470.shtml
故事影片,影剧备字〔2021〕第1686号,就怕万一有梦想,北京华诚传媒有限公司,林松,同意拍摄,北京市,李万由于面临职业的崩溃。决定自己创业。于是组建了属于自己的锐鸥广告公司。但是想要真正的成功就要面对曾经错失交臂的金钢笔广告大奖，更要面对老东家从美国招来的天才创意。李万一的面前充满未知与阻碍。,2021-06-04,国家电影局关于2021年4月全国电影剧本（梗概）  备案、立项公示的通知-电影备案立项公示-国家电影局,http://www.chinafilm.gov.cn/chinafilm/utils/serviceContent.shtml?ID=56295,http://www.chinafilm.gov.cn/chinafilm/contents/167/3470.shtml
故事影片,影剧备字〔2021〕第1548号,南北双雄,北京华沣艺采文化传媒有限公司,梁丽,同意拍摄,北京市,经纪行诱骗壮丁签下卖身契，周泰和许强得知后阻止，惹恼幕后黑手，他们嫁祸周泰杀害许强家人，挑起许强和周泰的仇杀，周泰为了自救和报仇查明真相，最终和许强联手铲除幕后黑手并将他们绳之以法,2021-06-04,国家电影局关于2021年4月全国电影剧本（梗概）  备案、立项公示的通知-电影备案立项公示-国家电影局,http://www.chinafilm.gov.cn/chinafilm/utils/serviceContent.shtml?ID=56296,http://www.chinafilm.gov.cn/chinafilm/contents/167/3470.shtml
故事影片,影剧备字〔2021〕第1552号,正义之拳,北京华沣艺采文化传媒有限公司,梁丽,同意拍摄,北京市,黎仁超在调查樊掌柜被杀案时，查出兴隆当铺一干人等有诱骗百姓签下高额借贷之嫌，他为查找真相，假扮借贷人试图找寻证据，经他一番调查最终找他罪证，将他们绳之以法。,2021-06-04,国家电影局关于2021年4月全国电影剧本（梗概）  备案、立项公示的通知-电影备案立项公示-国家电影局,http://www.chinafilm.gov.cn/chinafilm/utils/serviceContent.shtml?ID=56297,http://www.chinafilm.gov.cn/chinafilm/contents/167/3470.shtml
故事影片,影剧备字〔2021〕第1559号,拳拳热血,北京华夏荣耀文化产业集团有限公司,葛荣亮,同意拍摄,北京市,林奕琛深夜驾车与拳击手陈伟业发生冲突，陈伟业的战力和鄙视深深刺到了他内心薄弱的地方。与父亲的约誓之后，林奕琛在陈伟业的拳击俱乐部，渐渐了解了身边人的过往和渴望，一个艰难的选择也在向他逼近。,2021-06-04,国家电影局关于2021年4月全国电影剧本（梗概）  备案、立项公示的通知-电影备案立项公示-国家电影局,http://www.chinafilm.gov.cn/chinafilm/utils/serviceContent.shtml?ID=56298,http://www.chinafilm.gov.cn/chinafilm/contents/167/3470.shtml
故事影片,影剧备字〔2021〕第1685号,青春的味道2,北京嘉宸国际文化传媒有限公司,李鹏翔,同意拍摄,北京市,电影主要围绕大熊和晓晨，一个学渣与一个学霸互动、转变与提升的感人故事，呈现了应试教育的现状和矛盾碰撞，也对好坏学生的判断标准提出挑战，让社会、学校和家长反省、深思和研究。,2021-06-04,国家电影局关于2021年4月全国电影剧本（梗概）  备案、立项公示的通知-电影备案立项公示-国家电影局,http://www.chinafilm.gov.cn/chinafilm/utils/serviceContent.shtml?ID=56299,http://www.chinafilm.gov.cn/chinafilm/contents/167/3470.shtml
故事影片,影剧备字〔2021〕第1579号,落地有声,北京金科影业有限公司、武汉皓伦文化传媒有限公司,郑庆严,同意拍摄,北京市,县里为了振兴农村，规划了农村旅游产业园，并建好了新农村便于农民搬迁。身为党员的第一书记韩闯在搬迁上遇到了难题。但经过努力，最终解决了农民的困难，赢得了老百姓的信任，成功迁村，使产业园顺利建成。,2021-06-04,国家电影局关于2021年4月全国电影剧本（梗概）  备案、立项公示的通知-电影备案立项公示-国家电影局,http://www.chinafilm.gov.cn/chinafilm/utils/serviceContent.shtml?ID=56300,http://www.chinafilm.gov.cn/chinafilm/contents/167/3470.shtml
故事影片,影剧备字〔2021〕第1561号,冒牌订单,北京美狮影视文化有限公司,张宁,同意拍摄,北京市,每位外卖小哥的骑手服下，都隐藏着一个孤独有趣的灵魂。送外卖只是他暂时的工作，他们的心中也有真正热爱的梦想！方三东就是这样，他边送外面边练拳击，凭着一股子斗志，终于踏上拳台，成为一名职业拳击手。,2021-06-04,国家电影局关于2021年4月全国电影剧本（梗概）  备案、立项公示的通知-电影备案立项公示-国家电影局,http://www.chinafilm.gov.cn/chinafilm/utils/serviceContent.shtml?ID=56301,http://www.chinafilm.gov.cn/chinafilm/contents/167/3470.shtml
故事影片,影剧备字〔2021〕第1522号,木兰战云中,北京柒玖年代影视文化传播有限公司,黄一鸣,同意拍摄,北京市,影片改编自中国经典文学作品《木兰辞》，讲述了北魏年间，木兰替父从军，载誉而归，十年后柔然再犯边疆，木兰毅然重回战场，凭借自身的聪明才智和永不言弃的精神，与反派李坤鹏斗智斗勇，最终平息云中之乱的故事。,2021-06-04,国家电影局关于2021年4月全国电影剧本（梗概）  备案、立项公示的通知-电影备案立项公示-国家电影局,http://www.chinafilm.gov.cn/chinafilm/utils/serviceContent.shtml?ID=56302,http://www.chinafilm.gov.cn/chinafilm/contents/167/3470.shtml
故事影片,影剧备字〔2021〕第1658号,救救多多,北京融汇嘉美文化传媒有限公司,王桂菊,同意拍摄,北京市,小学五年级女生可可捡回的一条流浪狗身染重疾，治疗费用高昂。可可背着妈妈偷偷捡废品攒钱给小狗治病，知道真相的同学们和她并肩作战，连可可父母也渐渐被孩子们的善良和童真所打动，加入了抢救小狗的行列。,2021-06-04,国家电影局关于2021年4月全国电影剧本（梗概）  备案、立项公示的通知-电影备案立项公示-国家电影局,http://www.chinafilm.gov.cn/chinafilm/utils/serviceContent.shtml?ID=56303,http://www.chinafilm.gov.cn/chinafilm/contents/167/3470.shtml
故事影片,影剧备字〔2021〕第1672号,绝地惊情,北京数字印象文化传播有限公司,金舸,同意拍摄,北京市,1909年英、俄窥伺藏地。陈玉鍪奉命编入川军立下战功。历史的重大转折突然而至。武昌起义，危机四伏。大雪漫地，野兽绝迹。粮食已绝，道路复迷。幸存者也就此道别。陈玉鍪上马，久久回望，黯然离去。,2021-06-04,国家电影局关于2021年4月全国电影剧本（梗概）  备案、立项公示的通知-电影备案立项公示-国家电影局,http://www.chinafilm.gov.cn/chinafilm/utils/serviceContent.shtml?ID=56304,http://www.chinafilm.gov.cn/chinafilm/contents/167/3470.shtml
故事影片,影剧备字〔2021〕第1480号,异空来电,北京太和传奇影视文化传播有限公司,文武,同意拍摄,北京市,这是一个单一空间的科幻烧脑悬疑片，它规定了一个主场景，四个人物，围绕着一个神秘的视频，由于视频的出现，每个人变得开始互相猜忌，一场不可避免的凶险朝他们步步逼近，然而最终人性的善战胜了人性的弱点。,2021-06-04,国家电影局关于2021年4月全国电影剧本（梗概）  备案、立项公示的通知-电影备案立项公示-国家电影局,http://www.chinafilm.gov.cn/chinafilm/utils/serviceContent.shtml?ID=56305,http://www.chinafilm.gov.cn/chinafilm/contents/167/3470.shtml
故事影片,影剧备字〔2021〕第1659号,咸鱼车神,北京星宏影视文化有限公司,杨志炜,同意拍摄,北京市,该故事讲述了货运司机游经纬帮助少年搭档孙明人以及家乡村民，反抗不法商人蒋震宇的欺压，合力揭穿蒋震宇借开发之名行赌博之便的罪恶勾当，最终为自己和家乡赢得尊重与自由的曲折历程。,2021-06-04,国家电影局关于2021年4月全国电影剧本（梗概）  备案、立项公示的通知-电影备案立项公示-国家电影局,http://www.chinafilm.gov.cn/chinafilm/utils/serviceContent.shtml?ID=56306,http://www.chinafilm.gov.cn/chinafilm/contents/167/3470.shtml
故事影片,影剧备字〔2021〕第1674号,最好的朋友,北京星影尚文化艺术有限公司,叶琳,同意拍摄,北京市,有的人青春注定孤单，直到他们相遇。一个独来独往的问题高中生，一个被锁在家里的自闭症少年，一个从小被单亲家庭领养的使命少女，要演出一场不可能完成的魔术。,2021-06-04,国家电影局关于2021年4月全国电影剧本（梗概）  备案、立项公示的通知-电影备案立项公示-国家电影局,http://www.chinafilm.gov.cn/chinafilm/utils/serviceContent.shtml?ID=56307,http://www.chinafilm.gov.cn/chinafilm/contents/167/3470.shtml
故事影片,影剧备字〔2021〕第1662号,修炼爱情,北京暄合影视文化传媒有限公司、北京同暄嘉合文化发展有限公司、北京盛耀东方影视文化传媒有限公司,张宁,同意拍摄,北京市,柏思嘉和男友一直关系稳定，本以为会顺理成章步入婚姻，却突然发现他早已移情别恋。惨烈分手后，柏思嘉领悟到自己一直在别人的审美标准里做无谓的迎合。她不再期盼命中注定的爱人，而是找个命中注定的人，好好爱。,2021-06-04,国家电影局关于2021年4月全国电影剧本（梗概）  备案、立项公示的通知-电影备案立项公示-国家电影局,http://www.chinafilm.gov.cn/chinafilm/utils/serviceContent.shtml?ID=56308,http://www.chinafilm.gov.cn/chinafilm/contents/167/3470.shtml
故事影片,影剧备字〔2021〕第1560号,碎锦鲤,北京颖动传媒有限公司,刘海亮,同意拍摄,北京市,曾经的摇滚乐手王赞，结婚生子后退出乐队，在一家广告公司工作。有一天，他在接孩子的路上，意外得到了一个手镯，他发现每次摔碎手镯，时光就会倒退3分钟。,2021-06-04,国家电影局关于2021年4月全国电影剧本（梗概）  备案、立项公示的通知-电影备案立项公示-国家电影局,http://www.chinafilm.gov.cn/chinafilm/utils/serviceContent.shtml?ID=56309,http://www.chinafilm.gov.cn/chinafilm/contents/167/3470.shtml
故事影片,影剧备字〔2021〕第1643号,轮廓光,北京永康文化传媒有限公司,陈永康,同意拍摄,北京市,电影《轮廓光》讲述了艺术家丁康来到大都市一夜成名抱得荣誉与美人归，后来因痛失爱妻并一蹶不振时来到南方艺术驻留小镇，在历经了探索、生存、彷徨等心路历程后重获创作激情重返国际艺术视野的故事。,2021-06-04,国家电影局关于2021年4月全国电影剧本（梗概）  备案、立项公示的通知-电影备案立项公示-国家电影局,http://www.chinafilm.gov.cn/chinafilm/utils/serviceContent.shtml?ID=56310,http://www.chinafilm.gov.cn/chinafilm/contents/167/3470.shtml
故事影片,影剧备字〔2021〕第1665号,冰上轻驰,北京御风映画文化发展有限公司、北京悦冠星朗文化传播有限公司,徐明明,同意拍摄,北京市,那娜在冰球事业和爱情都失意后，独自抚养女儿小娜，组建了非专业的冰球队，身患绝症的她在大家的帮助下克服各种困难，队伍最终获得了友谊赛的胜利，那娜倒下了，小娜带领大家拿到了省级比赛的冠军，大家将继续前进。,2021-06-04,国家电影局关于2021年4月全国电影剧本（梗概）  备案、立项公示的通知-电影备案立项公示-国家电影局,http://www.chinafilm.gov.cn/chinafilm/utils/serviceContent.shtml?ID=56311,http://www.chinafilm.gov.cn/chinafilm/contents/167/3470.shtml
故事影片,影剧备字〔2021〕第1495号,你最爱的颜色,北京悦维映画文化传媒有限公司,李鸿其,同意拍摄,北京市,曾经热血的摇滚乐团主唱K现如今已变成了一个微微发福的中年男人，在晓琪的带领下，K前去探望曾经的爱人燕子。一路上，K发现晓琪口中的燕子与他认识的判若两人，K开始回想起两人分分合合的十年…...,2021-06-04,国家电影局关于2021年4月全国电影剧本（梗概）  备案、立项公示的通知-电影备案立项公示-国家电影局,http://www.chinafilm.gov.cn/chinafilm/utils/serviceContent.shtml?ID=56312,http://www.chinafilm.gov.cn/chinafilm/contents/167/3470.shtml
故事影片,影剧备字〔2021〕第1529号,爱在波西米亚,北京至酷影视传媒有限责任公司,徐德新,同意拍摄,北京市,北京女孩米亚因为自己的终身大事与父亲米京生发生分歧，前往捷克寻找自己素未谋面的母亲李亚兰。米京生带着文捷和林克前往捷克，找到了米亚、李亚兰以及她的小女儿波西。两代人的爱情在波西米亚悄然生长。,2021-06-04,国家电影局关于2021年4月全国电影剧本（梗概）  备案、立项公示的通知-电影备案立项公示-国家电影局,http://www.chinafilm.gov.cn/chinafilm/utils/serviceContent.shtml?ID=56313,http://www.chinafilm.gov.cn/chinafilm/contents/167/3470.shtml
故事影片,影剧备字〔2021〕第1528号,任性，青春！,北京中视焕然文化传播有限公司,姚凯,同意拍摄,北京市,差等生谌朗任性、调皮，为提高成绩要加入夏子涵的学习小组，夏子涵对他厌恶至极，断然拒绝。谌郎见此，处处与夏子涵作对。但当夏子涵身处险境时，谌郎却挺身而出、舍命相救。二人言归于好，立志在学业上共同进步。,2021-06-04,国家电影局关于2021年4月全国电影剧本（梗概）  备案、立项公示的通知-电影备案立项公示-国家电影局,http://www.chinafilm.gov.cn/chinafilm/utils/serviceContent.shtml?ID=56314,http://www.chinafilm.gov.cn/chinafilm/contents/167/3470.shtml
故事影片,影剧备字〔2021〕第1650号,我怕此生等不到,北京卓颐文化传媒有限公司,刘晓飞,同意拍摄,北京市,儿子少年赌气离家，母亲坚强地等待几十年，终于等到儿子归来；本片通过该故事，表达和歌颂“母爱”之纯粹和伟大。,2021-06-04,国家电影局关于2021年4月全国电影剧本（梗概）  备案、立项公示的通知-电影备案立项公示-国家电影局,http://www.chinafilm.gov.cn/chinafilm/utils/serviceContent.shtml?ID=56315,http://www.chinafilm.gov.cn/chinafilm/contents/167/3470.shtml
故事影片,影剧备字〔2021〕第1578号,出发吧！李享,北京左岸传奇影视文化有限公司,胡逵,同意拍摄,北京市,独自在大都市里艰苦创业的李享为了筹措资金，不得不硬着头皮回老家向母亲借钱，不料却中了母亲的激将法，接手自家的果园，在女友的帮助下，经过重重波折终于完成了产业转型，并最终与母亲相互释怀。,2021-06-04,国家电影局关于2021年4月全国电影剧本（梗概）  备案、立项公示的通知-电影备案立项公示-国家电影局,http://www.chinafilm.gov.cn/chinafilm/utils/serviceContent.shtml?ID=56316,http://www.chinafilm.gov.cn/chinafilm/contents/167/3470.shtml
故事影片,影剧备字〔2021〕第1532号,创业狂潮,大地时代文化传播（北京）有限公司、工厂大门（天津）影业有限公司,洪泠,同意拍摄,北京市,一个不按常理出牌的草根，一个心思缜密的海归，曹宇和周启航有着截然不同的性格和出生，却将彼此视为互联网创业界最痛恨又欣赏的竞争对手。一系列对决背后，展现了中国热血宏大的创业潮缩影。,2021-06-04,国家电影局关于2021年4月全国电影剧本（梗概）  备案、立项公示的通知-电影备案立项公示-国家电影局,http://www.chinafilm.gov.cn/chinafilm/utils/serviceContent.shtml?ID=56317,http://www.chinafilm.gov.cn/chinafilm/contents/167/3470.shtml
故事影片,影剧备字〔2021〕第1481号,永远的堡垒,大麦拙诚国际文化传播（北京）有限公司,赵天睿、董俊杰、乔爱宇,同意拍摄,北京市,通过讲述我军红一连的故事，充分展示具有卓绝领导力的中国共产党带领人民不断走向胜利的道路上付出巨大的牺牲和所取得巨大的胜利。,2021-06-04,国家电影局关于2021年4月全国电影剧本（梗概）  备案、立项公示的通知-电影备案立项公示-国家电影局,http://www.chinafilm.gov.cn/chinafilm/utils/serviceContent.shtml?ID=56318,http://www.chinafilm.gov.cn/chinafilm/contents/167/3470.shtml
故事影片,影剧备字〔2021〕第1527号,那年的秋天,感动人生（北京）文化有限公司,李广明,同意拍摄,北京市,主人公唐月在上高中期间经历的一些事情，因为自身原因引发的矛盾造成了悲剧的发生，之后最终反思自己犯下的错误，决定重新开始专注于学习，走上正确的人生道路。,2021-06-04,国家电影局关于2021年4月全国电影剧本（梗概）  备案、立项公示的通知-电影备案立项公示-国家电影局,http://www.chinafilm.gov.cn/chinafilm/utils/serviceContent.shtml?ID=56319,http://www.chinafilm.gov.cn/chinafilm/contents/167/3470.shtml
故事影片,影剧备字〔2021〕第1651号,是谁让岁月静好,国廉文化集团有限公司,马赛,同意拍摄,北京市,陈国辉、王文慧夫妇在汉阴县党支部工作，兢兢业业、恪尽职守。用实际行动完美的展现一个优秀模范党员的品质。,2021-06-04,国家电影局关于2021年4月全国电影剧本（梗概）  备案、立项公示的通知-电影备案立项公示-国家电影局,http://www.chinafilm.gov.cn/chinafilm/utils/serviceContent.shtml?ID=56320,http://www.chinafilm.gov.cn/chinafilm/contents/167/3470.shtml
故事影片,影剧备字〔2021〕第1581号,月明梨花上,汉乐映画（北京）影业有限公司,洪帆,同意拍摄,北京市,侯玉兰十八岁参军，复员后又支边新疆，风风火火把一辈子热情精力全都奉献给了工作和身边每个人，自己却一直单身。退休后被已成家的养子接到了北京，老战友老同事都说她有福气，玉兰却为自己的身后事忧心忡忡……,2021-06-04,国家电影局关于2021年4月全国电影剧本（梗概）  备案、立项公示的通知-电影备案立项公示-国家电影局,http://www.chinafilm.gov.cn/chinafilm/utils/serviceContent.shtml?ID=56321,http://www.chinafilm.gov.cn/chinafilm/contents/167/3470.shtml
故事影片,影剧备字〔2021〕第1539号,穿越魔鬼城,和美影业有限公司,刘昊岩、米酒,同意拍摄,北京市,1954年，一支8人组成的女子勘探队深入沙漠勘探石油，危险重重下，女孩们勇敢地与恶劣天气和地质环境作斗争，为了保护珍贵资料能够准确传达回大部队，女孩们献出了宝贵的生命。,2021-06-04,国家电影局关于2021年4月全国电影剧本（梗概）  备案、立项公示的通知-电影备案立项公示-国家电影局,http://www.chinafilm.gov.cn/chinafilm/utils/serviceContent.shtml?ID=56322,http://www.chinafilm.gov.cn/chinafilm/contents/167/3470.shtml
故事影片,影剧备字〔2021〕第1660号,星期六,华夏太禾集团有限公司,王统,同意拍摄,北京市,丧偶父亲王今夕，把儿子王凯抚养成人时却发现得了阿尔茨海默症，儿子有能力报恩父亲时父亲却不认识儿子，影片以“礼拜六”父亲等儿子回家贯穿全片体现亲情的无私和伟大，感召我们及时行孝多陪伴父母别子欲养而亲不待,2021-06-04,国家电影局关于2021年4月全国电影剧本（梗概）  备案、立项公示的通知-电影备案立项公示-国家电影局,http://www.chinafilm.gov.cn/chinafilm/utils/serviceContent.shtml?ID=56323,http://www.chinafilm.gov.cn/chinafilm/contents/167/3470.shtml
故事影片,影剧备字〔2021〕第1669号,鲤鱼,华兴艺合国际文化发展（北京）有限公司,李华彤,同意拍摄,北京市,一对中年夫妇，妻子患了绝症，丈夫既要照顾两个孩子，还要努力挣钱负担妻子高额的治疗费用。在一次飞车赛中出了事故，高位截瘫。妻子毅然担起了重任，支撑起了这个患难家庭。,2021-06-04,国家电影局关于2021年4月全国电影剧本（梗概）  备案、立项公示的通知-电影备案立项公示-国家电影局,http://www.chinafilm.gov.cn/chinafilm/utils/serviceContent.shtml?ID=56324,http://www.chinafilm.gov.cn/chinafilm/contents/167/3470.shtml
故事影片,影剧备字〔2021〕第1557号,波涛如怒,华影银河国际影视文化（北京）有限公司,李柯,同意拍摄,北京市,本影片讲述了明朝末年一伙海盗流窜至沿海渔村作恶。我沿海民众与当地驻军同仇敌忾、团结一心、无谓牺牲，共同抵抗海盗的英勇故事。,2021-06-04,国家电影局关于2021年4月全国电影剧本（梗概）  备案、立项公示的通知-电影备案立项公示-国家电影局,http://www.chinafilm.gov.cn/chinafilm/utils/serviceContent.shtml?ID=56325,http://www.chinafilm.gov.cn/chinafilm/contents/167/3470.shtml
故事影片,影剧备字〔2021〕第1558号,踏虎屠龙,华影银河国际影视文化（北京）有限公司,李柯,同意拍摄,北京市,侠女东方燕为追查被匪徒劫掠的儿子及多名失踪儿童的下落，无畏强敌、独闯虎穴龙潭与众多匪徒展开搏命厮杀，她在查案的同时发现了一个惊天的阴谋。东方燕联合正义之士最终救出了全部儿童并严惩了恶人。,2021-06-04,国家电影局关于2021年4月全国电影剧本（梗概）  备案、立项公示的通知-电影备案立项公示-国家电影局,http://www.chinafilm.gov.cn/chinafilm/utils/serviceContent.shtml?ID=56326,http://www.chinafilm.gov.cn/chinafilm/contents/167/3470.shtml
故事影片,影剧备字〔2021〕第1655号,微光闪耀,领高红承教育科技有限公司,邱琦琦,同意拍摄,北京市,王哲陪爷爷体检，得知爷爷不久人世，爷爷却又未完成的愿望--把家乡的特产卖出去，帮乡亲们致富。在这之中他们被一股奇妙的情感和精神链接在了一起，村里的人兴奋地走出山沟，奔向希望与未来。,2021-06-04,国家电影局关于2021年4月全国电影剧本（梗概）  备案、立项公示的通知-电影备案立项公示-国家电影局,http://www.chinafilm.gov.cn/chinafilm/utils/serviceContent.shtml?ID=56327,http://www.chinafilm.gov.cn/chinafilm/contents/167/3470.shtml
故事影片,影剧备字〔2021〕第1653号,云上摇滚,美丽雨文化传媒（北京）有限公司,成孝湜,同意拍摄,北京市,师大音乐系毕业的林明，迷茫在音乐生涯的十字路口。心灰意冷的他抱着把吉他来到贵州海拔最高的云上小学，这所贫困山区的希望小学给了他新的希望，第一支由孩子们组成的摇滚乐队成立了。,2021-06-04,国家电影局关于2021年4月全国电影剧本（梗概）  备案、立项公示的通知-电影备案立项公示-国家电影局,http://www.chinafilm.gov.cn/chinafilm/utils/serviceContent.shtml?ID=56328,http://www.chinafilm.gov.cn/chinafilm/contents/167/3470.shtml
故事影片,影剧备字〔2021〕第1693号,断翎逐仇,盛尚传媒广告（北京）有限公司,陆威,同意拍摄,北京市,兰儿目睹了一场对父亲及朋友的谋杀。由于是唯一的目击者，她成了必须被杀掉灭口的对象。在父亲的兄弟的帮助下，她惊险逃过了多次追杀。最终，长大成人的兰儿干掉坏人罗洪甫，替父亲报了仇。,2021-06-04,国家电影局关于2021年4月全国电影剧本（梗概）  备案、立项公示的通知-电影备案立项公示-国家电影局,http://www.chinafilm.gov.cn/chinafilm/utils/serviceContent.shtml?ID=56329,http://www.chinafilm.gov.cn/chinafilm/contents/167/3470.shtml
故事影片,影剧备字〔2021〕第1564号,拳如我心,天海世纪（北京）影视传媒有限公司,王一楠,同意拍摄,北京市,外卖骑手耿直的真实身份是一家拳馆的老板，在一场比赛因对手设局而失利。为重拾信心和找回拳馆名誉，耿直在朋友和前辈帮助下开始训练。通过一系列比赛和考验，耿直击败怀有不良居心的对手，夺回了名誉和地位。,2021-06-04,国家电影局关于2021年4月全国电影剧本（梗概）  备案、立项公示的通知-电影备案立项公示-国家电影局,http://www.chinafilm.gov.cn/chinafilm/utils/serviceContent.shtml?ID=56330,http://www.chinafilm.gov.cn/chinafilm/contents/167/3470.shtml
故事影片,影剧备字〔2021〕第1541号,我的实习老师,鑫奕祥龙国际文化传媒（北京）有限公司,季明杰,同意拍摄,北京市,吕霞和同学陈红一起到一所专门从事问题少年教育的五十二中实习。实习结束，当吕霞准备离开的时候他们全体剃了光头，决心洗心革面，重新做一名好学生。,2021-06-04,国家电影局关于2021年4月全国电影剧本（梗概）  备案、立项公示的通知-电影备案立项公示-国家电影局,http://www.chinafilm.gov.cn/chinafilm/utils/serviceContent.shtml?ID=56331,http://www.chinafilm.gov.cn/chinafilm/contents/167/3470.shtml
故事影片,影剧备字〔2021〕第1642号,战胜,星光灿烂影业（北京）有限公司,魏楠,同意拍摄,北京市,诸墨时期，东闻王与西吕王一场大战，最终闻王兵败身死。闻王门客廉起，自此踏上了为主报仇之路。历经艰难险阻，廉起逐渐接近了复仇对象吕王。但在这一过程中，他开始慢慢理解到忠义的真谛.,2021-06-04,国家电影局关于2021年4月全国电影剧本（梗概）  备案、立项公示的通知-电影备案立项公示-国家电影局,http://www.chinafilm.gov.cn/chinafilm/utils/serviceContent.shtml?ID=56332,http://www.chinafilm.gov.cn/chinafilm/contents/167/3470.shtml
故事影片,影剧备字〔2021〕第1563号,精灵城杀人事件,中森旅游文化有限公司,辛华,同意拍摄,北京市,人类开始了星际大开发，林森公司申请建设了精灵城，人类在精灵城里可以享受美景，纸醉金迷，但一系列的案件慢慢暴露出了很多问题。,2021-06-04,国家电影局关于2021年4月全国电影剧本（梗概）  备案、立项公示的通知-电影备案立项公示-国家电影局,http://www.chinafilm.gov.cn/chinafilm/utils/serviceContent.shtml?ID=56333,http://www.chinafilm.gov.cn/chinafilm/contents/167/3470.shtml
故事影片,影剧备字〔2021〕第1540号,佳偶天成,中影誉都文化传媒（北京）有限公司,贾延鹏,同意拍摄,北京市,薛寻义为救大臣之女误杀尚书之子，其母要求判官处决薛。丫鬟谎称薛是大臣女婿，判官听信改判邀功。大臣为保全密信判官让其除掉薛。丫鬟偷梁换柱，改了书信内容，让全天下知晓大臣高调认婿，惊动皇帝赐婚，阖家欢乐。,2021-06-04,国家电影局关于2021年4月全国电影剧本（梗概）  备案、立项公示的通知-电影备案立项公示-国家电影局,http://www.chinafilm.gov.cn/chinafilm/utils/serviceContent.shtml?ID=56334,http://www.chinafilm.gov.cn/chinafilm/contents/167/3470.shtml
故事影片,影剧备字〔2021〕第1671号,白羽之光,自由影业（北京）有限公司,唐宁,同意拍摄,北京市,《白羽之光》描写了天才羽毛球手余晓光因为与父亲的决裂而放弃羽毛球运动，大学里遇到了一群对羽毛球极度热爱的朋友，在朋友们的关心和爱护之下，余晓光重拾球拍，再返球场，最后终于找回了自我，找回了集体的故事。,2021-06-04,国家电影局关于2021年4月全国电影剧本（梗概）  备案、立项公示的通知-电影备案立项公示-国家电影局,http://www.chinafilm.gov.cn/chinafilm/utils/serviceContent.shtml?ID=56335,http://www.chinafilm.gov.cn/chinafilm/contents/167/3470.shtml
故事影片,影剧备字〔2021〕第1572号,静夏如歌,凤九影业（平潭）有限公司,赵锐,同意拍摄,福建省,十年前逃婚离家出走的觉启与现任妻子离婚要把六岁的儿子小宇送到大哥觉生家暂住一个夏天，他才知道当年逃婚抛下的女人正是如今觉生的妻子凤芝。觉启、觉生、小宇和凤芝在这样一个夏天每个人面对生活都在寻找自己答案,2021-06-04,国家电影局关于2021年4月全国电影剧本（梗概）  备案、立项公示的通知-电影备案立项公示-国家电影局,http://www.chinafilm.gov.cn/chinafilm/utils/serviceContent.shtml?ID=56336,http://www.chinafilm.gov.cn/chinafilm/contents/167/3470.shtml
故事影片,影剧备字〔2021〕第1574号,今日我独行,福建省月氏影业有限公司,唐明智,同意拍摄,福建省,影片讲述了一位中年男人为了完成亡妻遗愿，在前往亡妻故乡的旅程中与许多不同地方的人相遇而发生的一系列故事,2021-06-04,国家电影局关于2021年4月全国电影剧本（梗概）  备案、立项公示的通知-电影备案立项公示-国家电影局,http://www.chinafilm.gov.cn/chinafilm/utils/serviceContent.shtml?ID=56337,http://www.chinafilm.gov.cn/chinafilm/contents/167/3470.shtml
故事影片,影剧备字〔2021〕第1575号,绿皮车书店,福建省月氏影业有限公司,唐明智,同意拍摄,福建省,故事讲述了单身女人宋如意在丈夫生病去世后，重新回到丈夫的故乡，顶住周围人的反对在小镇上开书店，帮助孩子们学会阅读和写作的故事,2021-06-04,国家电影局关于2021年4月全国电影剧本（梗概）  备案、立项公示的通知-电影备案立项公示-国家电影局,http://www.chinafilm.gov.cn/chinafilm/utils/serviceContent.shtml?ID=56338,http://www.chinafilm.gov.cn/chinafilm/contents/167/3470.shtml
故事影片,影剧备字〔2021〕第1721号,田园午后静谧的阳光,福建省月氏影业有限公司,唐明智,同意拍摄,福建省,讲述了一对老夫老妻离开城市，搬到乡下故居，一起种菜，一起饲养小动物，相濡以沫、无比恩爱、互相搀扶一起度过晚年的故事,2021-06-04,国家电影局关于2021年4月全国电影剧本（梗概）  备案、立项公示的通知-电影备案立项公示-国家电影局,http://www.chinafilm.gov.cn/chinafilm/utils/serviceContent.shtml?ID=56339,http://www.chinafilm.gov.cn/chinafilm/contents/167/3470.shtml
故事影片,影剧备字〔2021〕第1591号,以太：你是琉璃,金文俊影业（厦门）有限公司,金文俊,同意拍摄,福建省,孤僻的大学新生高翔在初入校园时邂逅了校友炎左。当两人互生情愫时，却发现于炎左早已在多年前离世。为寻回所爱，高翔需借助“神明的指引”，去修正那条被修改的时间线。但这会让对方存在过的记忆，被彻底抹去。,2021-06-04,国家电影局关于2021年4月全国电影剧本（梗概）  备案、立项公示的通知-电影备案立项公示-国家电影局,http://www.chinafilm.gov.cn/chinafilm/utils/serviceContent.shtml?ID=56340,http://www.chinafilm.gov.cn/chinafilm/contents/167/3470.shtml
故事影片,影剧备字〔2021〕第1625号,潜梦特攻队,金文俊影业（厦门）有限公司,金文俊,同意拍摄,福建省,一个天赋异禀的心理学博士为赴昔日同窗之约回到故土；不料迎接他的却是一场由一众旧友精心布局的催眠大戏。于是乎，一场关于少年旧梦与故乡热土的奇幻旅程，在充满烟火气的梦境中，缓缓拉开序幕。,2021-06-04,国家电影局关于2021年4月全国电影剧本（梗概）  备案、立项公示的通知-电影备案立项公示-国家电影局,http://www.chinafilm.gov.cn/chinafilm/utils/serviceContent.shtml?ID=56341,http://www.chinafilm.gov.cn/chinafilm/contents/167/3470.shtml
故事影片,影剧备字〔2021〕第1590号,爱你如初,晋江盛奇阳光文化传媒有限公司,孙铖,同意拍摄,福建省,台湾人吴建业回闽南老家祭祖，得知小吃店的老板蔡晓萍因摔伤而失去记忆，决定用余生去陪伴和照顾蔡晓萍，因为蔡晓萍是吴建业少年时跟随父亲回老家祭祖时偷偷爱上的女孩，是吴建业生命中难以忘怀的初恋。,2021-06-04,国家电影局关于2021年4月全国电影剧本（梗概）  备案、立项公示的通知-电影备案立项公示-国家电影局,http://www.chinafilm.gov.cn/chinafilm/utils/serviceContent.shtml?ID=56342,http://www.chinafilm.gov.cn/chinafilm/contents/167/3470.shtml
故事影片,影剧备字〔2021〕第1633号,爱不远去,京唐儒意（厦门）影业有限公司,胡绍祥,同意拍摄,福建省,讲述了女画家霍雅兰.舞蹈演员周雪莲和摄影师高天启的爱情故事，高天启在送霍雅兰赴法留学的路上出了车祸，导致失明失忆。身患癌症的周雪莲巡演回来，离世后将眼角膜捐献给高天启，霍雅兰归来，唤醒了高天启的记忆,2021-06-04,国家电影局关于2021年4月全国电影剧本（梗概）  备案、立项公示的通知-电影备案立项公示-国家电影局,http://www.chinafilm.gov.cn/chinafilm/utils/serviceContent.shtml?ID=56343,http://www.chinafilm.gov.cn/chinafilm/contents/167/3470.shtml
故事影片,影剧备字〔2021〕第1517号,蓝眼泪陌路无期,蓝眼泪（福建）影视投资有限公司、福建聚鼎文化传媒有限公司,吴鹏雄,同意拍摄,福建省,为实现儿时对祖母的承诺，吴鹏独自一人骑行摩托跨越中国、老挝、、柬埔寨、泰国，前往邓丽君小姐事逝世地清迈。途中与正准备轻生，身患克氏综合症的中泰混血（台湾）Lisa发生的一段各自救赎的奇妙之旅。,2021-06-04,国家电影局关于2021年4月全国电影剧本（梗概）  备案、立项公示的通知-电影备案立项公示-国家电影局,http://www.chinafilm.gov.cn/chinafilm/utils/serviceContent.shtml?ID=56344,http://www.chinafilm.gov.cn/chinafilm/contents/167/3470.shtml
故事影片,影剧备字〔2021〕第1534号,交易游戏,龙禾上古（厦门）影业有限公司,李思臻、梁诗然,同意拍摄,福建省,以整天只爱花天酒地，吃喝玩乐的富二代张承责到柬甫寨为父亲卖楼的故事为主线，在这过程中遇到不同的住户，了解生活的不易。亦学会如何去承担责任，做一个有担当的人。,2021-06-04,国家电影局关于2021年4月全国电影剧本（梗概）  备案、立项公示的通知-电影备案立项公示-国家电影局,http://www.chinafilm.gov.cn/chinafilm/utils/serviceContent.shtml?ID=56345,http://www.chinafilm.gov.cn/chinafilm/contents/167/3470.shtml
故事影片,影剧备字〔2021〕第1589号,疯狂的补习班,平潭疯狂影视传媒有限公司,韩秀明、周群、卢立祥,同意拍摄,福建省,程凤英一心希望自己的儿子成材，不惜一切代价给儿子寻找各种补习班。然而这样的做法不仅让自己疲于奔命，也让自己的老公和儿子都随着身心疲惫。在不断追寻的过程中，程凤英渐渐明白了什么才是真正的补习班。,2021-06-04,国家电影局关于2021年4月全国电影剧本（梗概）  备案、立项公示的通知-电影备案立项公示-国家电影局,http://www.chinafilm.gov.cn/chinafilm/utils/serviceContent.shtml?ID=56346,http://www.chinafilm.gov.cn/chinafilm/contents/167/3470.shtml
故事影片,影剧备字〔2021〕第1549号,长风破浪,七曜一九一（厦门）影视传媒有限公司,张弛、赵默言,同意拍摄,福建省,八个男人带着对大海的无限热爱和勇敢拼搏的精神，驾驶帆船从厦门出发，不畏险阻，携手并进，经过316天，完成了中国航海史上第一次沿地球地理形状绕行一周的壮举。,2021-06-04,国家电影局关于2021年4月全国电影剧本（梗概）  备案、立项公示的通知-电影备案立项公示-国家电影局,http://www.chinafilm.gov.cn/chinafilm/utils/serviceContent.shtml?ID=56347,http://www.chinafilm.gov.cn/chinafilm/contents/167/3470.shtml
故事影片,影剧备字〔2021〕第1723号,波涛汹涌,泉州嘉华盛视文化传播有限公司,王少武,同意拍摄,福建省,董海波得了重病，自感不久人世就安排好自己的身后事，并决定在告别人世前完成自己的计划，可是世事难料一切不是他所想象的那样。,2021-06-04,国家电影局关于2021年4月全国电影剧本（梗概）  备案、立项公示的通知-电影备案立项公示-国家电影局,http://www.chinafilm.gov.cn/chinafilm/utils/serviceContent.shtml?ID=56348,http://www.chinafilm.gov.cn/chinafilm/contents/167/3470.shtml
故事影片,影剧备字〔2021〕第1694号,奇迹舞社,厦门达文西影业有限公司,陈南竹,同意拍摄,福建省,本片通过塑造练习街舞的King、热爱芭蕾舞的桂小雨，还有团结互助的“奇迹舞社”成员等一系列年轻人形象，歌颂理想，歌颂爱情，歌颂美好生活，视角平实、故事写实而感人，充满励志色彩，具有寓教于乐的青春气息。,2021-06-04,国家电影局关于2021年4月全国电影剧本（梗概）  备案、立项公示的通知-电影备案立项公示-国家电影局,http://www.chinafilm.gov.cn/chinafilm/utils/serviceContent.shtml?ID=56349,http://www.chinafilm.gov.cn/chinafilm/contents/167/3470.shtml
故事影片,影剧备字〔2021〕第1535号,绝世神功,厦门海福瑞东影视文化传媒有限公司,宋海东,同意拍摄,福建省,该电影讲述了民国早期，有一位青年郝艺爱上女神谢雨佳，却得罪了黑帮高手，他以绝世武功和黑帮展开大战的故事,2021-06-04,国家电影局关于2021年4月全国电影剧本（梗概）  备案、立项公示的通知-电影备案立项公示-国家电影局,http://www.chinafilm.gov.cn/chinafilm/utils/serviceContent.shtml?ID=56350,http://www.chinafilm.gov.cn/chinafilm/contents/167/3470.shtml
故事影片,影剧备字〔2021〕第1632号,功夫迷城,厦门海福瑞东影视文化传媒有限公司,宋海东,同意拍摄,福建省,八卦连环掌高手董泽海准备来到广州开设武馆，却卷入一起商人被杀案之中。于是董泽海历经曲折，一番追查，最后终于探明真相！,2021-06-04,国家电影局关于2021年4月全国电影剧本（梗概）  备案、立项公示的通知-电影备案立项公示-国家电影局,http://www.chinafilm.gov.cn/chinafilm/utils/serviceContent.shtml?ID=56351,http://www.chinafilm.gov.cn/chinafilm/contents/167/3470.shtml
故事影片,影剧备字〔2021〕第1475号,六级风,厦门纪实电影制片厂有限公司,齐桐,同意拍摄,福建省,究竟是安全事故，还是天气意外呢？被告和原告都是受害者，不管谁胜诉或者败诉，都没有一个胜利者.最后，靠一场爱心众筹，圆满化解了彼此矛盾。,2021-06-04,国家电影局关于2021年4月全国电影剧本（梗概）  备案、立项公示的通知-电影备案立项公示-国家电影局,http://www.chinafilm.gov.cn/chinafilm/utils/serviceContent.shtml?ID=56352,http://www.chinafilm.gov.cn/chinafilm/contents/167/3470.shtml
故事影片,影剧备字〔2021〕第1630号,小城故事,厦门蓝火焰影视股份有限公司,卓建荣,同意拍摄,福建省,受资助的宁夏姑娘在完成学业后决定找到资助她的人报恩，在寻找恩人的过程中领悟扶贫是一件不计回报的事，她领悟到恩人不需要回报，传递精神才是最好结果，所以苗苗决定回乡建设，帮助更多人，让自己的家乡脱贫脱困。,2021-06-04,国家电影局关于2021年4月全国电影剧本（梗概）  备案、立项公示的通知-电影备案立项公示-国家电影局,http://www.chinafilm.gov.cn/chinafilm/utils/serviceContent.shtml?ID=56353,http://www.chinafilm.gov.cn/chinafilm/contents/167/3470.shtml
故事影片,影剧备字〔2021〕第1635号,火星男孩,厦门六十一影视传媒有限公司,管萌,同意拍摄,福建省,孤单的11岁男孩意外开启大脑潜能，与单亲妈妈一起踏上脑力竞赛的冒险旅程，成为备受瞩目的“火星男孩”，这不仅改变了母子的命运，也让他们学会了爱。,2021-06-04,国家电影局关于2021年4月全国电影剧本（梗概）  备案、立项公示的通知-电影备案立项公示-国家电影局,http://www.chinafilm.gov.cn/chinafilm/utils/serviceContent.shtml?ID=56354,http://www.chinafilm.gov.cn/chinafilm/contents/167/3470.shtml
故事影片,影剧备字〔2021〕第1515号,他们都在看,厦门尚好光阴影视传媒有限公司,钟平红,同意拍摄,福建省,老妇人细眉受村民信任，常年居住照看村中老宅。细眉心中愿望，希望孙儿阿智能完成已故小儿的梦想：考上大学并出人头地。无奈孙子沉迷画画，遭全家反对。在细眉的支持下，阿智的绘画才华被看见，并助力老宅焕发新生命,2021-06-04,国家电影局关于2021年4月全国电影剧本（梗概）  备案、立项公示的通知-电影备案立项公示-国家电影局,http://www.chinafilm.gov.cn/chinafilm/utils/serviceContent.shtml?ID=56355,http://www.chinafilm.gov.cn/chinafilm/contents/167/3470.shtml
故事影片,影剧备字〔2021〕第1576号,屋顶上的风狮爷,厦门五福千祥影视文化传媒有限公司,龙樱,同意拍摄,福建省,围绕着一年一度九日山的祁风仪典，傅半城、蔡亚光熙、林沧浯三位老人与几位年轻人在风狮爷雕刻、布偶戏、飞梅刺绣等闽南泉州传统文化技艺的传承与创新上发生的感人故事。,2021-06-04,国家电影局关于2021年4月全国电影剧本（梗概）  备案、立项公示的通知-电影备案立项公示-国家电影局,http://www.chinafilm.gov.cn/chinafilm/utils/serviceContent.shtml?ID=56356,http://www.chinafilm.gov.cn/chinafilm/contents/167/3470.shtml
故事影片,影剧备字〔2021〕第1649号,新村喜事,厦门信土文化传媒有限公司,胡甜,同意拍摄,福建省,本片讲述了大学生村官杨英回到家乡推广落实“三位一体”农村综合合作改革，帮助村民实现新型农村经济改革，改善家乡环境的故事。,2021-06-04,国家电影局关于2021年4月全国电影剧本（梗概）  备案、立项公示的通知-电影备案立项公示-国家电影局,http://www.chinafilm.gov.cn/chinafilm/utils/serviceContent.shtml?ID=56357,http://www.chinafilm.gov.cn/chinafilm/contents/167/3470.shtml
故事影片,影剧备字〔2021〕第1634号,梧桐,厦门优然美影视文化传媒有限公司,姜兴学,同意拍摄,福建省,丈夫章梧桐、亡妻金凤娟和落魄雕塑家杜仲三人之间，与丈夫章梧桐、亡妻单身的双胞胎姐姐金凤蝉和落魄雕塑家杜仲三人之间交织一起的情感纠葛，却原来是一场感人肺腑的纯真爱情故事！,2021-06-04,国家电影局关于2021年4月全国电影剧本（梗概）  备案、立项公示的通知-电影备案立项公示-国家电影局,http://www.chinafilm.gov.cn/chinafilm/utils/serviceContent.shtml?ID=56358,http://www.chinafilm.gov.cn/chinafilm/contents/167/3470.shtml
故事影片,影剧备字〔2021〕第1502号,梦与猪与茉莉,厦门仲夏星沐文化传媒有限公司,郑宝琳,同意拍摄,福建省,因生计所迫，伐木队队长将女儿秀青寄养在舅婆家。秀青在与即将临终的舅婆相处过程中，战胜了恐惧，并收获了爱和勇气。,2021-06-04,国家电影局关于2021年4月全国电影剧本（梗概）  备案、立项公示的通知-电影备案立项公示-国家电影局,http://www.chinafilm.gov.cn/chinafilm/utils/serviceContent.shtml?ID=56359,http://www.chinafilm.gov.cn/chinafilm/contents/167/3470.shtml
故事影片,影剧备字〔2021〕第1501号,自然之旅,厦影（厦门）文化传媒有限公司,章文雅,同意拍摄,福建省,影片讲述了一个较为典型的社会问题，科技奇才易大勇在处理事业和家庭教育中手足无措，险些沦落到家破人亡境地。绝望的他在一次偶然与儿子共同出游的“心灵之旅”探秘过程中，终于领悟到人生目标和教育真谛。,2021-06-04,国家电影局关于2021年4月全国电影剧本（梗概）  备案、立项公示的通知-电影备案立项公示-国家电影局,http://www.chinafilm.gov.cn/chinafilm/utils/serviceContent.shtml?ID=56360,http://www.chinafilm.gov.cn/chinafilm/contents/167/3470.shtml
故事影片,影剧备字〔2021〕第1573号,爱心无界,厦影（厦门）文化传媒有限公司,章文雅,同意拍摄,福建省,林天问是全市最贫困的山坝村走出的孤儿，逃离贫困是他最大的梦想。但天问在生活中受到各种磨砺后，促使他在“扶贫先扶志”的思想指引中彻底转变提升、完善了梦想，带着各路合作伙伴回到山坝村展开了“扶志蓝图”。,2021-06-04,国家电影局关于2021年4月全国电影剧本（梗概）  备案、立项公示的通知-电影备案立项公示-国家电影局,http://www.chinafilm.gov.cn/chinafilm/utils/serviceContent.shtml?ID=56361,http://www.chinafilm.gov.cn/chinafilm/contents/167/3470.shtml
故事影片,影剧备字〔2021〕第1514号,夕阳泪,深海（厦门）影业有限公司,王亮,同意拍摄,福建省,在这个百年未遇、社会各个领域皆在急剧变革的新时代，子女亦各有各的难处、痛苦、焦虑与困惑，一切都强求不得；相较于那些老无所依的人，他们能寄身养老院养老就已算足够幸福。,2021-06-04,国家电影局关于2021年4月全国电影剧本（梗概）  备案、立项公示的通知-电影备案立项公示-国家电影局,http://www.chinafilm.gov.cn/chinafilm/utils/serviceContent.shtml?ID=56362,http://www.chinafilm.gov.cn/chinafilm/contents/167/3470.shtml
故事影片,影剧备字〔2021〕第1592号,直到时光尽头,昕影影业（福建）有限公司,唐征捷,同意拍摄,福建省,林辰南意外得到一个可以回到过去的拍立得，他了解到女友周伊娜惨痛的过去后，使用拍立得改变过去，代价是他的死亡。得知真相后，周伊娜使用拍立得修正。他们在工作后再次相遇相爱，互相拯救，最终以周伊娜身死结束。,2021-06-04,国家电影局关于2021年4月全国电影剧本（梗概）  备案、立项公示的通知-电影备案立项公示-国家电影局,http://www.chinafilm.gov.cn/chinafilm/utils/serviceContent.shtml?ID=56363,http://www.chinafilm.gov.cn/chinafilm/contents/167/3470.shtml
故事影片,影剧备字〔2021〕第1722号,淡蓝色的太阳,昕影影业（福建）有限公司,唐钲捷,同意拍摄,福建省,热爱舞蹈的少女因哥哥肾衰竭被母亲逼迫捐肾，从此要放弃自己的舞蹈梦。不堪压迫的少女最终反抗，在闺蜜的鼓励下与父母对簿公堂。但真相并不如此。,2021-06-04,国家电影局关于2021年4月全国电影剧本（梗概）  备案、立项公示的通知-电影备案立项公示-国家电影局,http://www.chinafilm.gov.cn/chinafilm/utils/serviceContent.shtml?ID=56364,http://www.chinafilm.gov.cn/chinafilm/contents/167/3470.shtml
故事影片,影剧备字〔2021〕第1526号,望娘滩传说,匀芒（厦门）影视文化传媒有限公司、视博映画（北京）影视文化有限公司,齐梓丞（齐庆林）,同意拍摄,福建省,长江上游灌县，一孝子聂郎，母子相依为命。有一年偶拾宝珠，藏珠于米缸，则米满缸。恶霸刘钦率众抢夺。聂郎吞珠入腹，化为蛟龙将恶人卷入大江之中。蛟龙随江而去，频频回首，回视处辄成大滩，民间称为“望娘滩”。,2021-06-04,国家电影局关于2021年4月全国电影剧本（梗概）  备案、立项公示的通知-电影备案立项公示-国家电影局,http://www.chinafilm.gov.cn/chinafilm/utils/serviceContent.shtml?ID=56365,http://www.chinafilm.gov.cn/chinafilm/contents/167/3470.shtml
故事影片,影剧备字〔2021〕第1595号,河州,甘肃喜地欢天影业有限公司,曾建贵,同意拍摄,甘肃省,一个被河流隔断的地方四面环水，像极了孤岛。阿西娅等待去拉萨的丈夫，哈三幻想着去美国赚大钱的媳妇开飞机回家。穆萨放弃黄河上传统“摆渡人”的工作准备去南方，在离别的雨夜与青梅竹马的阿西娅絮叨着东乡的记忆。,2021-06-04,国家电影局关于2021年4月全国电影剧本（梗概）  备案、立项公示的通知-电影备案立项公示-国家电影局,http://www.chinafilm.gov.cn/chinafilm/utils/serviceContent.shtml?ID=56366,http://www.chinafilm.gov.cn/chinafilm/contents/167/3470.shtml
故事影片,影剧备字〔2021〕第1710号,替身生涯,甘肃向上影视文化有限责任公司,马德林,同意拍摄,甘肃省,一帮来自五湖四海，汇聚到影视行业，追梦、寻找自我的武打替身演员们，一路发生的喜怒哀乐的励志故事。24岁的万里沙，武术队退役，进入一个电影剧组做男主替身，拍摄过程中，经历了被人笑话到让人敬重的逆袭之路。,2021-06-04,国家电影局关于2021年4月全国电影剧本（梗概）  备案、立项公示的通知-电影备案立项公示-国家电影局,http://www.chinafilm.gov.cn/chinafilm/utils/serviceContent.shtml?ID=56367,http://www.chinafilm.gov.cn/chinafilm/contents/167/3470.shtml
故事影片,影剧备字〔2021〕第1487号,浪子燕青之好汉归来,甘肃修为影业有限公司、东辉博瑞影视文化传媒（北京）有限公司、苏州南格宝聚文化科技有限公司、铜川灵芝草文化发展有限公司,李国新,同意拍摄,甘肃省,宋徽宗年间，浪子燕青携李师师归隐江湖，不问世事。但无妄之灾从天而降，来历不明的刺客杀了李师师，重伤燕青。更有朝廷追捕燕青，指责燕青在扬州杀害官差。为替李师师报仇、查明真相，燕青踏上复仇之路。,2021-06-04,国家电影局关于2021年4月全国电影剧本（梗概）  备案、立项公示的通知-电影备案立项公示-国家电影局,http://www.chinafilm.gov.cn/chinafilm/utils/serviceContent.shtml?ID=56368,http://www.chinafilm.gov.cn/chinafilm/contents/167/3470.shtml
故事影片,影剧备字〔2021〕第1513号,封龙天棺,甘肃修为影业有限公司,李国新,同意拍摄,甘肃省,民国初年，诸葛珏是封龙门唯一传人。美籍华人燕雪莲为爷爷病情找到诸葛珏，请他协助寻找唐末杨筠松修建的神秘地宫，获取救治之法。而诸葛珏之父诸葛凌风似也与地宫有关，失踪多年。于是一行人踏上探险寻宝之旅。,2021-06-04,国家电影局关于2021年4月全国电影剧本（梗概）  备案、立项公示的通知-电影备案立项公示-国家电影局,http://www.chinafilm.gov.cn/chinafilm/utils/serviceContent.shtml?ID=56369,http://www.chinafilm.gov.cn/chinafilm/contents/167/3470.shtml
故事影片,影剧备字〔2021〕第1626号,撒尓塔劲风,庆阳陇原红文化传播有限公司、魅影星光（北京）国际影视文化传媒有限公司,马忠祥,同意拍摄,甘肃省,身残志坚的马希尔继承爷爷抗击八国联军的意志，自修大学毕业证书，组建工程队修建青藏铁路唐古拉段，留下享誉全国的“东乡铁军”精神。他同学贾米拉逃出包办婚姻，翻译叙事诗《米拉尕黑》传至海外推介民族文化。,2021-06-04,国家电影局关于2021年4月全国电影剧本（梗概）  备案、立项公示的通知-电影备案立项公示-国家电影局,http://www.chinafilm.gov.cn/chinafilm/utils/serviceContent.shtml?ID=56370,http://www.chinafilm.gov.cn/chinafilm/contents/167/3470.shtml
故事影片,影剧备字〔2021〕第1690号,悬崖边的花儿,中开国际文化传媒（北京）有限公司会宁分公司,王宏文,同意拍摄,甘肃省,故事以二名老师准备去乡村，举办公益活动为主线，主要讲述了时常好心办坏事的陈小猛福无双至、祸不单行的乡村搞笑之旅，温柔善良的女老师公益扶贫，一辆面包车引发了无数的意外风波，还有生活中点点滴滴的真实写照。,2021-06-04,国家电影局关于2021年4月全国电影剧本（梗概）  备案、立项公示的通知-电影备案立项公示-国家电影局,http://www.chinafilm.gov.cn/chinafilm/utils/serviceContent.shtml?ID=56371,http://www.chinafilm.gov.cn/chinafilm/contents/167/3470.shtml
故事影片,影剧备字〔2021〕第1600号,机甲技击,丰顺泰和影视文化有限公司,冯韦宁,同意拍摄,广东省,陈思聪是一名残疾人，却从小热爱自由搏击。他借着高科技外骨骼站在了格斗擂台，引起热议，同时，别有用心的财团盯上了他。另一方面，传统自由搏击的冠军张浩铭也决心打败这个依靠高科技的人。,2021-06-04,国家电影局关于2021年4月全国电影剧本（梗概）  备案、立项公示的通知-电影备案立项公示-国家电影局,http://www.chinafilm.gov.cn/chinafilm/utils/serviceContent.shtml?ID=56372,http://www.chinafilm.gov.cn/chinafilm/contents/167/3470.shtml
故事影片,影剧备字〔2021〕第1584号,爆笑天团,佛山纳和影视文化传播有限公司,张涵,同意拍摄,广东省,宋代江湖艺人杨平安，带着属于自己的班底，志在参加朝廷举办的最高级别的演艺盛事“大宋雅乐汇”，不想在途中却卷入了一场江湖阴谋之中。最终杨平安凭借勇气与智慧，化解危机，惩除奸恶，成为了一代“明星”。,2021-06-04,国家电影局关于2021年4月全国电影剧本（梗概）  备案、立项公示的通知-电影备案立项公示-国家电影局,http://www.chinafilm.gov.cn/chinafilm/utils/serviceContent.shtml?ID=56373,http://www.chinafilm.gov.cn/chinafilm/contents/167/3470.shtml
故事影片,影剧备字〔2021〕第1582号,二十岁的冬季,佛山市沙漠之狐影视传媒有限公司、梦影时光（北京）文化传媒有限公司,王择谚,同意拍摄,广东省,20岁的江馨梓在大城市打工时遇到一些波折，得到了秦帅的帮助，秦帅外表看起来帅气十足，并有些痞气，实则内心善良。两人在相处后发生的凄美的爱情故事。,2021-06-04,国家电影局关于2021年4月全国电影剧本（梗概）  备案、立项公示的通知-电影备案立项公示-国家电影局,http://www.chinafilm.gov.cn/chinafilm/utils/serviceContent.shtml?ID=56374,http://www.chinafilm.gov.cn/chinafilm/contents/167/3470.shtml
故事影片,影剧备字〔2021〕第1554号,我的掌门妻子,佛山印迹影业有限公司,陈海良,同意拍摄,广东省,看似平凡的推拿师关晓兰实为关家鸳鸯拳第八代传人，武功高强。因误会丈夫宋家宝出轨私奔而一路追寻，意外卷入犯罪团伙的阴谋。最终通过缜密的分析与不平凡的身手查明真相，救出丈夫，并协助警方将犯罪势力绳之于法。,2021-06-04,国家电影局关于2021年4月全国电影剧本（梗概）  备案、立项公示的通知-电影备案立项公示-国家电影局,http://www.chinafilm.gov.cn/chinafilm/utils/serviceContent.shtml?ID=56375,http://www.chinafilm.gov.cn/chinafilm/contents/167/3470.shtml
故事影片,影剧备字〔2021〕第1491号,一个春天一个年,观澜国际文化传媒（深圳）有限公司,李明阳,同意拍摄,广东省,在家人眼中事业有成的来平陷入事业低谷，为了维护自己的面子，他买了两条假中华回家过年。第二年，来平要把买假烟的事拍成电影，他带着剧组回到老家，结果一家人打扮的西装革履，一系列啼笑皆非的故事开始上演,2021-06-04,国家电影局关于2021年4月全国电影剧本（梗概）  备案、立项公示的通知-电影备案立项公示-国家电影局,http://www.chinafilm.gov.cn/chinafilm/utils/serviceContent.shtml?ID=56376,http://www.chinafilm.gov.cn/chinafilm/contents/167/3470.shtml
故事影片,影剧备字〔2021〕第1680号,校长好,广州晟焰文化传媒有限公司,阳丽君,同意拍摄,广东省,大学生文善来到一个乡村学校做支教老师，这个学校只有一个老校长和10多个调皮捣蛋的小学生。艰苦的生活和教学条件无法阻止老校长以育人为己任的热情，他用他无私的爱和教育理念滋润着这群孩子。,2021-06-04,国家电影局关于2021年4月全国电影剧本（梗概）  备案、立项公示的通知-电影备案立项公示-国家电影局,http://www.chinafilm.gov.cn/chinafilm/utils/serviceContent.shtml?ID=56377,http://www.chinafilm.gov.cn/chinafilm/contents/167/3470.shtml
故事影片,影剧备字〔2021〕第1620号,爸爸，我听话了,广州市盛时图华影视有限公司,马奔腾,同意拍摄,广东省,郑家宁家中企业发生巨变，父亲郑沛一蹶不振，为了保住祖宅，郑家宁用祖传面包车谋生，涉世未深的郑家宁遭遇前所未有的困难，但在同伴的帮助下克服困难，在过程中，他们父子间也渐渐互相理解并释怀。,2021-06-04,国家电影局关于2021年4月全国电影剧本（梗概）  备案、立项公示的通知-电影备案立项公示-国家电影局,http://www.chinafilm.gov.cn/chinafilm/utils/serviceContent.shtml?ID=56378,http://www.chinafilm.gov.cn/chinafilm/contents/167/3470.shtml
故事影片,影剧备字〔2021〕第1681号,宅中森林,广州仲川文化传播有限公司,张晋钦、源诗嘉,同意拍摄,广东省,一次偶然的机会，推理网红刘浩来到云中村秦宅探险，却意外遇上主人秦父被杀的案件，秦宅似乎也藏着许多不可告人的秘密，刘浩联手秦父之女秦若兰，面对凶残的凶手，一层层揭开背后的阴谋……,2021-06-04,国家电影局关于2021年4月全国电影剧本（梗概）  备案、立项公示的通知-电影备案立项公示-国家电影局,http://www.chinafilm.gov.cn/chinafilm/utils/serviceContent.shtml?ID=56379,http://www.chinafilm.gov.cn/chinafilm/contents/167/3470.shtml
故事影片,影剧备字〔2021〕第1510号,天才跤手,南派传奇影视有限公司,张轩南,同意拍摄,广东省,一场见义勇为的事迹，引出一代“跤王”季祖耀。记者肖红亮的一篇报道，引起季祖耀的不满，延展而来的父女之情，让季祖耀感慨万千，将自己精彩的过去讲给肖红亮，他通过摔跤悟出生活的真谛，也让肖红亮彻底爱上摔跤。,2021-06-04,国家电影局关于2021年4月全国电影剧本（梗概）  备案、立项公示的通知-电影备案立项公示-国家电影局,http://www.chinafilm.gov.cn/chinafilm/utils/serviceContent.shtml?ID=56380,http://www.chinafilm.gov.cn/chinafilm/contents/167/3470.shtml
故事影片,影剧备字〔2021〕第1511号,我也是贵族,南派传奇影视有限公司,张轩南,同意拍摄,广东省,“贵族”狗LUCKY，误会了主人寄养意图，而从乡间踏上回家寻找主人的旅程。一路产生很多或喜或悲的故事，他遭遇了流浪狗群体，也遇见了同样曾经是“贵族”的流浪狗点点，最终LUCKY仍躲不过命运的嘲弄。,2021-06-04,国家电影局关于2021年4月全国电影剧本（梗概）  备案、立项公示的通知-电影备案立项公示-国家电影局,http://www.chinafilm.gov.cn/chinafilm/utils/serviceContent.shtml?ID=56381,http://www.chinafilm.gov.cn/chinafilm/contents/167/3470.shtml
故事影片,影剧备字〔2021〕第1508号,迷雾深处,牛我影业（深圳）有限公司,魏冬雷,同意拍摄,广东省,一场大雾下的车祸逃逸，让女医生杨逸备受煎熬，并逐步失去了坦白的机会，但生活不会帮你隐藏，终会云消雾散。最终，杨逸战胜心魔，勇敢的承担起了自己的过失。,2021-06-04,国家电影局关于2021年4月全国电影剧本（梗概）  备案、立项公示的通知-电影备案立项公示-国家电影局,http://www.chinafilm.gov.cn/chinafilm/utils/serviceContent.shtml?ID=56382,http://www.chinafilm.gov.cn/chinafilm/contents/167/3470.shtml
故事影片,影剧备字〔2021〕第1556号,你好，岳父,牛我影业（深圳）有限公司、北京神猫弯映影业有限公司,魏冬雷,同意拍摄,广东省,一场奇怪的梦，让站在准岳父对立面的李明天感同身受，惭愧不已，最终通过自己的真诚与努力换回了爱情，并得到了岳父的祝福。,2021-06-04,国家电影局关于2021年4月全国电影剧本（梗概）  备案、立项公示的通知-电影备案立项公示-国家电影局,http://www.chinafilm.gov.cn/chinafilm/utils/serviceContent.shtml?ID=56383,http://www.chinafilm.gov.cn/chinafilm/contents/167/3470.shtml
故事影片,影剧备字〔2021〕第1621号,犬系爱情物语,融创未来文化影视传媒（深圳）有限公司,林俐颖,同意拍摄,广东省,当愤世嫉俗的狗王陈遇上认为钱最有安全感的千菲菲；当渴望爱情的程风邂逅对爱情悲观的张雪莹；当内向自卑的魏小楠要和严厉父亲魏国明一起饲养流浪狗；爱情的开始，亲情的补救，一切欢笑与泪水都与狗狗们息息相关……,2021-06-04,国家电影局关于2021年4月全国电影剧本（梗概）  备案、立项公示的通知-电影备案立项公示-国家电影局,http://www.chinafilm.gov.cn/chinafilm/utils/serviceContent.shtml?ID=56384,http://www.chinafilm.gov.cn/chinafilm/contents/167/3470.shtml
故事影片,影剧备字〔2021〕第1664号,坏故事,山狸子（深圳）影视传媒有限公司,林业翔,同意拍摄,广东省,“故事酒吧”来了一位神秘的陌生顾客，给大家讲了个“大富珠宝劫案“的三重反转故事。他绘声绘色的讲述着，还把自己以及在场的听众都“安排”进了故事中。众人听得入迷时，警察突然将他带走，故事亦真亦假，无人知晓,2021-06-04,国家电影局关于2021年4月全国电影剧本（梗概）  备案、立项公示的通知-电影备案立项公示-国家电影局,http://www.chinafilm.gov.cn/chinafilm/utils/serviceContent.shtml?ID=56385,http://www.chinafilm.gov.cn/chinafilm/contents/167/3470.shtml
故事影片,影剧备字〔2021〕第1691号,春风喜雨,深圳市鼎龙影业影视传媒有限公司,曹自强,同意拍摄,广东省,这是一部讲述我和我的老师故事，老师总会用微笑面对每一位学生及时给学生以鼓励，他让每一个学生都拥有一种积极向上的心态，师生之间互敬互爱。在班级里，老师不断地撒播爱的种子，改变了我们的世界和未来。,2021-06-04,国家电影局关于2021年4月全国电影剧本（梗概）  备案、立项公示的通知-电影备案立项公示-国家电影局,http://www.chinafilm.gov.cn/chinafilm/utils/serviceContent.shtml?ID=56386,http://www.chinafilm.gov.cn/chinafilm/contents/167/3470.shtml
故事影片,影剧备字〔2021〕第1702号,美里爱情海,深圳市景峰文化传播有限公司,瑞森（杨林升）,同意拍摄,广东省,老华侨林福生年轻的时候在东南亚有过一段遗憾的爱情，其孙子林旭尧带着爷爷的遗愿，来到东南亚去寻找爷爷的初恋情人，在这个过程中，在美里遇见了美丽的少女迪亚伽，收获了自己的跨国爱情。也完成了爷爷的遗愿。,2021-06-04,国家电影局关于2021年4月全国电影剧本（梗概）  备案、立项公示的通知-电影备案立项公示-国家电影局,http://www.chinafilm.gov.cn/chinafilm/utils/serviceContent.shtml?ID=56387,http://www.chinafilm.gov.cn/chinafilm/contents/167/3470.shtml
故事影片,影剧备字〔2021〕第1683号,醒醒吧校花,深圳市喜善影业传媒有限公司,闫泽,同意拍摄,广东省,一事无成的刘醒和初恋梁笑笑在同学会上重逢，谁料一场车祸让梁笑笑的回忆退回大学入学前。在老同学帮助下，记忆慢慢恢复。可梁父故伎重演，再次制止演唱会。好在众人的矛盾化解，在齐心协力下，顺利圆了十年前的梦。,2021-06-04,国家电影局关于2021年4月全国电影剧本（梗概）  备案、立项公示的通知-电影备案立项公示-国家电影局,http://www.chinafilm.gov.cn/chinafilm/utils/serviceContent.shtml?ID=56388,http://www.chinafilm.gov.cn/chinafilm/contents/167/3470.shtml
故事影片,影剧备字〔2021〕第1622号,鹏程姐妹,深圳市永盛影业有限公司、美唯（深圳）传媒有限公司,曹建仁、谭娆、胡亚龙、王宁,同意拍摄,广东省,放弃高考的程洁霞来到鹏城打工贴补家用。对父亲有偏见的妹妹程洁薇大学毕业来鹏城寻姐求职。富二代老板追求姐姐遇阻而离间关系，得同事梓枫相助而识破。有此经历妹妹理解了姐姐，姐妹和好，几人开始新的自主创业。,2021-06-04,国家电影局关于2021年4月全国电影剧本（梗概）  备案、立项公示的通知-电影备案立项公示-国家电影局,http://www.chinafilm.gov.cn/chinafilm/utils/serviceContent.shtml?ID=56389,http://www.chinafilm.gov.cn/chinafilm/contents/167/3470.shtml
故事影片,影剧备字〔2021〕第1555号,南狮少年,深圳市鱼乐电影有限公司,龙佳宾,同意拍摄,广东省,街舞落魄少年小李跟随传统舞狮人黄师傅学习，并结合自身特点改进南狮技艺，最终与现代南狮AI机器人研发者叶博士对抗的故事。,2021-06-04,国家电影局关于2021年4月全国电影剧本（梗概）  备案、立项公示的通知-电影备案立项公示-国家电影局,http://www.chinafilm.gov.cn/chinafilm/utils/serviceContent.shtml?ID=56390,http://www.chinafilm.gov.cn/chinafilm/contents/167/3470.shtml
故事影片,影剧备字〔2021〕第1474号,我的爸爸是未婚,深圳童心映画影视传媒有限公司,张军,同意拍摄,广东省,大龄未婚青年潘大巍带着被人抛弃的婴儿珍珍一起生活。六年后，潘大巍的相亲过程中被珍珍一连串的故意捣乱而搅黄，却在最后歪打正着得到了幸福的另一半。,2021-06-04,国家电影局关于2021年4月全国电影剧本（梗概）  备案、立项公示的通知-电影备案立项公示-国家电影局,http://www.chinafilm.gov.cn/chinafilm/utils/serviceContent.shtml?ID=56391,http://www.chinafilm.gov.cn/chinafilm/contents/167/3470.shtml
故事影片,影剧备字〔2021〕第1583号,致我们天真无邪的童年,深圳童心映画影视传媒有限公司,张军,同意拍摄,广东省,90年代初期，南方某个山村里一群酷爱足球的小学生，在一次意外中丢掉老师留下的足球。为了能够继续踢球，孩子们想尽办法筹钱购买新足球。,2021-06-04,国家电影局关于2021年4月全国电影剧本（梗概）  备案、立项公示的通知-电影备案立项公示-国家电影局,http://www.chinafilm.gov.cn/chinafilm/utils/serviceContent.shtml?ID=56392,http://www.chinafilm.gov.cn/chinafilm/contents/167/3470.shtml
故事影片,影剧备字〔2021〕第1580号,横行无惧,铮嵘（广州）娱乐传媒有限公司,邓宇澄,同意拍摄,广东省,赛车手危池，梦想通过完美的漂移技术去获得世界冠军。但一次事故离危正、危风两个儿子而去。危风为完成父梦想离家出走，命运弄人，自此一对亲兄弟从相依为命到反目成仇，再由相见如陌路到并肩作战，到最后一起释怀。,2021-06-04,国家电影局关于2021年4月全国电影剧本（梗概）  备案、立项公示的通知-电影备案立项公示-国家电影局,http://www.chinafilm.gov.cn/chinafilm/utils/serviceContent.shtml?ID=56393,http://www.chinafilm.gov.cn/chinafilm/contents/167/3470.shtml
故事影片,影剧备字〔2021〕第1678号,李明瑞,广西丹桂飘香文化传播有限公司,于英楠,同意拍摄,广西壮族自治区,李明瑞军校毕业后怀着救国为民的革命热情加入桂系军阀，却屡次被利用欺骗，思想迷惘，找不到出路，多亏地下党表弟俞作豫的指引，思想发生剧变，加入了共产党，终于走上了救国为民的革命道路。,2021-06-04,国家电影局关于2021年4月全国电影剧本（梗概）  备案、立项公示的通知-电影备案立项公示-国家电影局,http://www.chinafilm.gov.cn/chinafilm/utils/serviceContent.shtml?ID=56394,http://www.chinafilm.gov.cn/chinafilm/contents/167/3470.shtml
故事影片,影剧备字〔2021〕第1525号,差不多先生,广西电影集团有限公司,聂晶晶,同意拍摄,广西壮族自治区,李一墨因为父辈创造的财富生活缺乏压力，好心的他为了帮助同事而辞去工作，开始了游手好闲的待业生活。妻子希望他成为有为中年，督促他考公务员，李却始终阳奉阴违。两人不同的生活哲学将会把这个家庭带向何处？,2021-06-04,国家电影局关于2021年4月全国电影剧本（梗概）  备案、立项公示的通知-电影备案立项公示-国家电影局,http://www.chinafilm.gov.cn/chinafilm/utils/serviceContent.shtml?ID=56395,http://www.chinafilm.gov.cn/chinafilm/contents/167/3470.shtml
故事影片,影剧备字〔2021〕第1602号,爱在北仑河畔,广西防城港惠海影视文化传媒有限公司,李卫东,同意拍摄,广西壮族自治区,京族小伙何强为了准备“东盟摄影展”，偶遇一个纯情，美丽的越侨姑娘阿秀，阿秀的美将他深深的吸引了。于是，何强精心设计了接触她的机会，终于，俩人相识相爱了……。,2021-06-04,国家电影局关于2021年4月全国电影剧本（梗概）  备案、立项公示的通知-电影备案立项公示-国家电影局,http://www.chinafilm.gov.cn/chinafilm/utils/serviceContent.shtml?ID=56396,http://www.chinafilm.gov.cn/chinafilm/contents/167/3470.shtml
故事影片,影剧备字〔2021〕第1707号,红河风暴,广西红角色影视文化传媒有限公司,杨真春,同意拍摄,广西壮族自治区,1949年11月，各路解放大军先后进入广西。为迎接解放军，迎接红河全境解放，游击队发动了攻打红河县城之战，干净彻底的消灭了负隅顽抗的反革命武装，配合解放大军解放了红河县。,2021-06-04,国家电影局关于2021年4月全国电影剧本（梗概）  备案、立项公示的通知-电影备案立项公示-国家电影局,http://www.chinafilm.gov.cn/chinafilm/utils/serviceContent.shtml?ID=56397,http://www.chinafilm.gov.cn/chinafilm/contents/167/3470.shtml
故事影片,影剧备字〔2021〕第1637号,幸福的花竹帽,广西中阿影视传媒有限公司,刘永利、黄光武,同意拍摄,广西壮族自治区,本片讲述一个名叫谭毛南的少数民族年轻人为助力乡村振兴从大城市回乡创业的故事，在这期间经历了一系列磨练，最终实现梦想。,2021-06-04,国家电影局关于2021年4月全国电影剧本（梗概）  备案、立项公示的通知-电影备案立项公示-国家电影局,http://www.chinafilm.gov.cn/chinafilm/utils/serviceContent.shtml?ID=56398,http://www.chinafilm.gov.cn/chinafilm/contents/167/3470.shtml
故事影片,影剧备字〔2021〕第1489号,浩然正气,贵州电影电视制作有限公司、帝芬影业(北京)有限责任公司、贵州旋风瑞通文化传媒有限公司,卢继贤,同意拍摄,贵州省,某调查公司职员杜浩然和张逸儒在一起婚外恋调查取证过程中，意外发现背后的真相，两人摒弃前嫌，团结合作，突破了局中局，经历生死大营救之后，终于将幕后黑手绳之以法的故事，维护了华人的形象和尊严。,2021-06-04,国家电影局关于2021年4月全国电影剧本（梗概）  备案、立项公示的通知-电影备案立项公示-国家电影局,http://www.chinafilm.gov.cn/chinafilm/utils/serviceContent.shtml?ID=56399,http://www.chinafilm.gov.cn/chinafilm/contents/167/3470.shtml
故事影片,影剧备字〔2021〕第1488号,阴差阳错,贵州黑豆府影视文化有限公司,黄鹏,同意拍摄,贵州省,一位胆小怕事的中学老师，被意外卷入了一场仇杀绑架案中，为了保护自己的家人和学生，毅然挺身直面困境，最终却阴差阳错化解了危机。,2021-06-04,国家电影局关于2021年4月全国电影剧本（梗概）  备案、立项公示的通知-电影备案立项公示-国家电影局,http://www.chinafilm.gov.cn/chinafilm/utils/serviceContent.shtml?ID=56400,http://www.chinafilm.gov.cn/chinafilm/contents/167/3470.shtml
故事影片,影剧备字〔2021〕第1512号,旅行箱,贵州红幸影视有限公司,杨红,同意拍摄,贵州省,故事梗概：阿星和阿灿是一对好友，两人同在宠物店工作。阿星开车去接顾客莹莹的时候对顾客莹莹一见钟情，莹莹将旅行箱遗忘在阿星的车上，阿灿在阿星的的怂恿下，两人踏上了寻找箱子的女主莹莹归还旅行箱。,2021-06-04,国家电影局关于2021年4月全国电影剧本（梗概）  备案、立项公示的通知-电影备案立项公示-国家电影局,http://www.chinafilm.gov.cn/chinafilm/utils/serviceContent.shtml?ID=56401,http://www.chinafilm.gov.cn/chinafilm/contents/167/3470.shtml
故事影片,影剧备字〔2021〕第1586号,云海山之情,贵州红幸影视有限公司,杨红,同意拍摄,贵州省,故事梗概：本片以承山和海全两个傻憨青年因为理想结下深厚的情谊和承山遇见了宫云发生的爱情故事，去见证在当今社会里慢慢消失的纯真友谊和爱情。,2021-06-04,国家电影局关于2021年4月全国电影剧本（梗概）  备案、立项公示的通知-电影备案立项公示-国家电影局,http://www.chinafilm.gov.cn/chinafilm/utils/serviceContent.shtml?ID=56402,http://www.chinafilm.gov.cn/chinafilm/contents/167/3470.shtml
故事影片,影剧备字〔2021〕第1493号,荒漠惊奇,贵州华耀兄弟影业（集团）有限公司,唐晓飞,同意拍摄,贵州省,匈奴王阿提拉新婚之夜暴毙，巨额宝藏去向成谜，若干年后，欧阳教授获一半藏宝图，日本人山本俊雄绑架了欧阳仙，藏宝图合二为一，宝藏直指阿拉善日墓沙漠，退役特种兵李天兵被迫加入寻宝小队，踏上荒漠护宝之旅。,2021-06-04,国家电影局关于2021年4月全国电影剧本（梗概）  备案、立项公示的通知-电影备案立项公示-国家电影局,http://www.chinafilm.gov.cn/chinafilm/utils/serviceContent.shtml?ID=56403,http://www.chinafilm.gov.cn/chinafilm/contents/167/3470.shtml
故事影片,影剧备字〔2021〕第1490号,护宝惊魂,贵州龙仁影视文化产业有限公司、北京创琇得洺影视文化传媒有限公司,郑光春,同意拍摄,贵州省,洪雪岚是保安公司的保镖，她接受了为港商携一对祖传宝物回国祭祖捐献并投资家乡建设的护航任务。在护送港商回家乡的路上，屡次遭遇了抢夺港商宝物的不法分子，她用机智和不凡的拳脚功夫完成了护送任务。,2021-06-04,国家电影局关于2021年4月全国电影剧本（梗概）  备案、立项公示的通知-电影备案立项公示-国家电影局,http://www.chinafilm.gov.cn/chinafilm/utils/serviceContent.shtml?ID=56404,http://www.chinafilm.gov.cn/chinafilm/contents/167/3470.shtml
故事影片,影剧备字〔2021〕第1492号,血染凤凰,贵州龙仁影视文化产业有限公司、北京创琇得洺影视文化传媒有限公司,李松,同意拍摄,贵州省,本剧讲述了民国年间，满洲武士巴特鲁和清末将领彭飞师徒二人，为保护国宝而勇敢与日本忍者杀手浴血奋战，最终在众多正义人士的帮助下消灭强敌，保护了国宝的故事。,2021-06-04,国家电影局关于2021年4月全国电影剧本（梗概）  备案、立项公示的通知-电影备案立项公示-国家电影局,http://www.chinafilm.gov.cn/chinafilm/utils/serviceContent.shtml?ID=56405,http://www.chinafilm.gov.cn/chinafilm/contents/167/3470.shtml
故事影片,影剧备字〔2021〕第1585号,我的满愿星,贵州龙仁影视文化产业有限公司、北京创琇得洺影视文化传媒有限公司,李文文,同意拍摄,贵州省,本片讲述单亲家庭少女乔萱因意外陷入潜意识世界不愿苏醒，逃避现实，在濒死之际，意外触发承载儿时心愿的满愿星并通过完成愿望清单与父亲完成隔空对话，最终与生活达成和解的亲情喜剧故事。,2021-06-04,国家电影局关于2021年4月全国电影剧本（梗概）  备案、立项公示的通知-电影备案立项公示-国家电影局,http://www.chinafilm.gov.cn/chinafilm/utils/serviceContent.shtml?ID=56406,http://www.chinafilm.gov.cn/chinafilm/contents/167/3470.shtml
故事影片,影剧备字〔2021〕第1468号,伟大的战争·抗美援朝,中国电影股份有限公司,待定,同意拍摄,直备,该片将从中央政府决定入朝作战作为故事起点，直到签署停战协议为结尾，全景式、多层次地展现英雄的人民志愿军抗美援朝作战的伟大事迹。,2021-06-04,国家电影局关于2021年4月全国电影剧本（梗概）  备案、立项公示的通知-电影备案立项公示-国家电影局,http://www.chinafilm.gov.cn/chinafilm/utils/serviceContent.shtml?ID=56407,http://www.chinafilm.gov.cn/chinafilm/contents/167/3470.shtml
故事影片,影剧备字〔2021〕第1471号,满江红（京剧）,中国电影股份有限公司,佚名,同意拍摄,直备,岳飞率军队抗击金兵，屡战屡胜，连战连捷。不想，却被朝廷的十二道金牌召回，并被以“莫须有”的谋反罪名被朝廷捕杀。伴随《满江红》的壮烈诗篇，一代忠勇将士岳飞于风波亭慷慨就义。,2021-06-04,国家电影局关于2021年4月全国电影剧本（梗概）  备案、立项公示的通知-电影备案立项公示-国家电影局,http://www.chinafilm.gov.cn/chinafilm/utils/serviceContent.shtml?ID=56408,http://www.chinafilm.gov.cn/chinafilm/contents/167/3470.shtml
故事影片,影剧备字〔2021〕第1469号,黑白较量之誓言无悔,中央宣传部电影卫星频道节目制作中心,魏震、周冰,同意拍摄,直备,一桩没有报案人的绑架案，一起离奇的非法集资案，迷雾重重中姚峰带领刑侦队抽丝剥茧深挖细查，最终揪出“黑警”，将叶云雷黑社会集团及背后保护伞一网打尽。,2021-06-04,国家电影局关于2021年4月全国电影剧本（梗概）  备案、立项公示的通知-电影备案立项公示-国家电影局,http://www.chinafilm.gov.cn/chinafilm/utils/serviceContent.shtml?ID=56409,http://www.chinafilm.gov.cn/chinafilm/contents/167/3470.shtml
故事影片,影剧备字〔2021〕第1470号,黑白较量之紧追不舍,中央宣传部电影卫星频道节目制作中心,魏震、周冰,同意拍摄,直备,嘉山市银行行长周远闹市遭人砍杀，刑侦队长姚峰授命追凶，竟意外牵出30亿骗贷大案。案中有案，迷中藏谜。黑道“教父”、嚣张公子、冷血杀手、神秘保护伞相继粉墨登场，已没有退路的姚峰唯有坚定信念置死地而后生。,2021-06-04,国家电影局关于2021年4月全国电影剧本（梗概）  备案、立项公示的通知-电影备案立项公示-国家电影局,http://www.chinafilm.gov.cn/chinafilm/utils/serviceContent.shtml?ID=56410,http://www.chinafilm.gov.cn/chinafilm/contents/167/3470.shtml
故事影片,影剧备字〔2021〕第1533号,爱的心碎,海南金艺国粹文化传播有限公司,沈经伟,同意拍摄,海南省,原创电影《爱的心碎》不仅仅是有伟大的母爱，更有彰显中国之大爱精神的人性真善美！真正是具备了融思想性、艺术性、观赏性、教育性为一体的精品力作的要求！共勉千万别：子欲养亲不待！启迪百善孝为先之人性真善美。,2021-06-04,国家电影局关于2021年4月全国电影剧本（梗概）  备案、立项公示的通知-电影备案立项公示-国家电影局,http://www.chinafilm.gov.cn/chinafilm/utils/serviceContent.shtml?ID=56411,http://www.chinafilm.gov.cn/chinafilm/contents/167/3470.shtml
故事影片,影剧备字〔2021〕第1473号,摇滚一下,海南萌猹猹影视文化有限公司,叶俊策、叶濡畅,同意拍摄,海南省,贫困县鹅县即将举行一场大型户外摇滚音乐节，主办方克服重重阻力，令最终到场人数十万的音乐节圆满完成，几位参加音乐节的乐迷也在这个摇滚的夏天分别有了不同的收获……,2021-06-04,国家电影局关于2021年4月全国电影剧本（梗概）  备案、立项公示的通知-电影备案立项公示-国家电影局,http://www.chinafilm.gov.cn/chinafilm/utils/serviceContent.shtml?ID=56412,http://www.chinafilm.gov.cn/chinafilm/contents/167/3470.shtml
故事影片,影剧备字〔2021〕第1646号,惊奇伴侣,海南全民狂欢影业有限公司,冯超,同意拍摄,海南省,一对完美夫妻实际上都有着不为人知的第二职业，二人因误会加深走到了婚姻尽头，却在巧合之下因同一任务中而站在对方的对立面上而出现了相爱相杀的局面。最终陷入绝地之时，二人彻底敞开心扉，走进了对方的灵魂世界。,2021-06-04,国家电影局关于2021年4月全国电影剧本（梗概）  备案、立项公示的通知-电影备案立项公示-国家电影局,http://www.chinafilm.gov.cn/chinafilm/utils/serviceContent.shtml?ID=56413,http://www.chinafilm.gov.cn/chinafilm/contents/167/3470.shtml
故事影片,影剧备字〔2021〕第1596号,旗帜,三亚赫迪文化发展有限公司,姜书勤、唐精蓉,同意拍摄,海南省,电影《旗帜》通过讲述少年阿双提等人，为保护护送标准党旗的我军战士符国根，和国民党派展开英勇斗争的动人故事，表现了革命战士和人民群众不屈不挠的坚强斗志及对共产党的无比热爱和忠诚。,2021-06-04,国家电影局关于2021年4月全国电影剧本（梗概）  备案、立项公示的通知-电影备案立项公示-国家电影局,http://www.chinafilm.gov.cn/chinafilm/utils/serviceContent.shtml?ID=56414,http://www.chinafilm.gov.cn/chinafilm/contents/167/3470.shtml
故事影片,影剧备字〔2021〕第1692号,幕后人2：勇敢的心,河北电影制片厂、北京白马人文化艺术中心,邱钧雅,同意拍摄,河北省,独自抚养独臂女儿的李琳，希望女儿能像正常孩子一样独立生活，为此一面拼命工作赚钱，一面用尽办法教育女儿。但生活却给了她一次又一次打击，直到古筝出现在她的生命中，又重新点燃了她的希望。,2021-06-04,国家电影局关于2021年4月全国电影剧本（梗概）  备案、立项公示的通知-电影备案立项公示-国家电影局,http://www.chinafilm.gov.cn/chinafilm/utils/serviceContent.shtml?ID=56415,http://www.chinafilm.gov.cn/chinafilm/contents/167/3470.shtml
故事影片,影剧备字〔2021〕第1682号,蝉鸣的夏天,河北京吴杭通文化传媒有限公司、北京聚影盛视影视文化传媒有限公司、小虎先生（天津）影视文化传媒有限公司,王小虎,同意拍摄,河北省,北京生活的小鸣假期来到老家爷爷家，在杂技学校认识了学习杂技的阿蝉，两个孩子成为好朋友，通过短暂的假期，两个孩子相互影响，一起进步成长，孩子的成长改变了大人们对孩子教育的认知，大人和孩子共同进步成长。,2021-06-04,国家电影局关于2021年4月全国电影剧本（梗概）  备案、立项公示的通知-电影备案立项公示-国家电影局,http://www.chinafilm.gov.cn/chinafilm/utils/serviceContent.shtml?ID=56416,http://www.chinafilm.gov.cn/chinafilm/contents/167/3470.shtml
故事影片,影剧备字〔2021〕第1538号,浴池惊魂,河北搜者文化传媒有限公司,贾林,同意拍摄,河北省,平儿和芳芳在一家浴池打工。这天深夜，二人结束工作，去浴池洗浴时，遭到一连串恐怖打击。最后，做恶者恶有恶报，爱拯救一切。,2021-06-04,国家电影局关于2021年4月全国电影剧本（梗概）  备案、立项公示的通知-电影备案立项公示-国家电影局,http://www.chinafilm.gov.cn/chinafilm/utils/serviceContent.shtml?ID=56417,http://www.chinafilm.gov.cn/chinafilm/contents/167/3470.shtml
故事影片,影剧备字〔2021〕第1614号,滹沱河的呼唤,石家庄阳和楼文化传播有限公司、中青茶博会展（北京）有限公司,郑岩,同意拍摄,河北省,柏树庄青年李连春从小的梦想就是让家人和乡亲们都过上好日子。正是这种梦想，使他在成长的过程中，一直将家乡的发展放在心里。为了家乡的脱贫致富，他走上了一条充满艰险的道路，最终带领乡亲们实现小康。,2021-06-04,国家电影局关于2021年4月全国电影剧本（梗概）  备案、立项公示的通知-电影备案立项公示-国家电影局,http://www.chinafilm.gov.cn/chinafilm/utils/serviceContent.shtml?ID=56418,http://www.chinafilm.gov.cn/chinafilm/contents/167/3470.shtml
故事影片,影剧备字〔2021〕第1644号,这不是买卖,河南小正大影业有限公司、河南票满仓影业有限公司,胡奎明,同意拍摄,河南省,本片讲述农村姑娘杨红静与其父母之间展开的有关彩礼纠葛的故事。杨红静在网络上向姐妹们倡导婚礼要移风易俗，而自己的母亲却向男方大要彩礼。杨红静在巨大阻力下想方设法，终使母亲思想转变，支持自己的婚事新办。,2021-06-04,国家电影局关于2021年4月全国电影剧本（梗概）  备案、立项公示的通知-电影备案立项公示-国家电影局,http://www.chinafilm.gov.cn/chinafilm/utils/serviceContent.shtml?ID=56419,http://www.chinafilm.gov.cn/chinafilm/contents/167/3470.shtml
故事影片,影剧备字〔2021〕第1478号,李玉安,黑龙江广播影视传媒集团有限公司、北京吉安永禾影视有限公司,闫永东,同意拍摄,黑龙江省,一度被认为已经牺牲的“烈士”李玉安隐功埋名，默默无闻。四十年后“死而复生”，从课本中走了出来，成为“活着的烈士”！我们的英雄，我们最可爱的人还活着！不忘初心，永远肩负着身为一个共产党员的使命和责任。,2021-06-04,国家电影局关于2021年4月全国电影剧本（梗概）  备案、立项公示的通知-电影备案立项公示-国家电影局,http://www.chinafilm.gov.cn/chinafilm/utils/serviceContent.shtml?ID=56420,http://www.chinafilm.gov.cn/chinafilm/contents/167/3470.shtml
故事影片,影剧备字〔2021〕第1610号,不留活口,体验派（湖北）影视文化传媒有限公司,刘政,同意拍摄,湖北省,武陵山区土匪“白虎队”无恶不作，老幺身负血海深仇单枪匹马用自己的智慧和计谋让“白虎队”全军覆没，同时也揭开了伪装的“安保队”与“白虎队”竟是同一伙人的真相。,2021-06-04,国家电影局关于2021年4月全国电影剧本（梗概）  备案、立项公示的通知-电影备案立项公示-国家电影局,http://www.chinafilm.gov.cn/chinafilm/utils/serviceContent.shtml?ID=56421,http://www.chinafilm.gov.cn/chinafilm/contents/167/3470.shtml
故事影片,影剧备字〔2021〕第1627号,绿洲,武汉市桥野夫影视文化有限公司,陈梦桥,同意拍摄,湖北省,一栋商业楼的楼顶被圈起来做成了灯光球场，小东经营着这个破旧不堪的球场；租住在三楼的阿慧就在附近的大排档推销啤酒，因为一个从废品站拾来的旧床垫，小东和阿慧在电梯里相遇了。,2021-06-04,国家电影局关于2021年4月全国电影剧本（梗概）  备案、立项公示的通知-电影备案立项公示-国家电影局,http://www.chinafilm.gov.cn/chinafilm/utils/serviceContent.shtml?ID=56422,http://www.chinafilm.gov.cn/chinafilm/contents/167/3470.shtml
故事影片,影剧备字〔2021〕第1537号,高炉魅影,武汉雅冠中楚文化传媒有限公司,胡燕怀,同意拍摄,湖北省,"位居亚洲第一的一号高炉为中日双方争夺的核心目标,日方派遣一支特战小分队秘密潜入，妄图阻止一号高炉拆迁。炉前工孙大年是中共地下党员,及时发现敌情，国共联手合作，在工人群众的支持下，一举粉碎了敌人阴谋。",2021-06-04,国家电影局关于2021年4月全国电影剧本（梗概）  备案、立项公示的通知-电影备案立项公示-国家电影局,http://www.chinafilm.gov.cn/chinafilm/utils/serviceContent.shtml?ID=56423,http://www.chinafilm.gov.cn/chinafilm/contents/167/3470.shtml
故事影片,影剧备字〔2021〕第1611号,葛麻外传,武汉中艺影视有限公司,张道清,同意拍摄,湖北省,葛麻是传说中武汉老百姓心目中智慧的化身，也是正直、机灵的象征。他用三寸不烂之舌让马铎同意府上千金小姐马金莲小姐和穷书生张大洪的婚事，而且把金银手饰备齐，外加三百两银子一匹马，全部拱手送给张大洪。,2021-06-04,国家电影局关于2021年4月全国电影剧本（梗概）  备案、立项公示的通知-电影备案立项公示-国家电影局,http://www.chinafilm.gov.cn/chinafilm/utils/serviceContent.shtml?ID=56424,http://www.chinafilm.gov.cn/chinafilm/contents/167/3470.shtml
故事影片,影剧备字〔2021〕第1612号,猪八戒离婚,武汉中艺影视有限公司,杨明沿,同意拍摄,湖北省,唐僧师徒取经成功，八戒尤念翠兰。获准下凡复婚，群仙取笑。翠兰不育，性情突变，八戒回天，决然离婚。翠兰要削发为妮，菩萨相助。如来设计，八戒诚服，复婚成功。携翠兰回到高老庄，高老庄宴会喜庆。,2021-06-04,国家电影局关于2021年4月全国电影剧本（梗概）  备案、立项公示的通知-电影备案立项公示-国家电影局,http://www.chinafilm.gov.cn/chinafilm/utils/serviceContent.shtml?ID=56425,http://www.chinafilm.gov.cn/chinafilm/contents/167/3470.shtml
故事影片,影重备字〔2019〕第009号,英雄若兰,湖南潇影第二影业有限公司、潇湘电影集团有限公司,邓开善、邓开衡、朱文科,同意拍摄,直备,该片再现了伍若兰短暂却光辉壮烈的一生，真实展示了伍若兰与朱德相识相恋的生死爱情，塑造了伍若兰这位“双枪女杰”敢爱敢恨、能文能武、不怕牺牲的感人形象。,2021-06-04,国家电影局关于2021年4月全国电影剧本（梗概）  备案、立项公示的通知-电影备案立项公示-国家电影局,http://www.chinafilm.gov.cn/chinafilm/utils/serviceContent.shtml?ID=56426,http://www.chinafilm.gov.cn/chinafilm/contents/167/3470.shtml
故事影片,影剧备字〔2021〕第1597号,龙门飞雪：寻龙教,潇湘电影集团有限公司,韩万峰,同意拍摄,湖南省,永乐初年，寻龙教名册的组织者前朝将军李天明秘密集结有志人士准备刺杀当今朝廷进行复辟，风声传出后，锦衣卫邱子豹奉皇令全城追杀，最后，隐藏在龙门客栈的李天明拼命保住寻龙教名册，为三千人士躲过了杀身之祸。,2021-06-04,国家电影局关于2021年4月全国电影剧本（梗概）  备案、立项公示的通知-电影备案立项公示-国家电影局,http://www.chinafilm.gov.cn/chinafilm/utils/serviceContent.shtml?ID=56427,http://www.chinafilm.gov.cn/chinafilm/contents/167/3470.shtml
故事影片,影剧备字〔2021〕第1613号,爱情故事之花园小径,长春长影影视传媒有限公司,姜柏延,同意拍摄,吉林省,树和冠是一对恋人，他们已经进入了平淡期，各自有各自的生活和工作，经过种种挫折和矛盾还有外界的诱惑，在第一百次决定分手的时候终于发现对方才是自己能够相依相伴的人。,2021-06-04,国家电影局关于2021年4月全国电影剧本（梗概）  备案、立项公示的通知-电影备案立项公示-国家电影局,http://www.chinafilm.gov.cn/chinafilm/utils/serviceContent.shtml?ID=56428,http://www.chinafilm.gov.cn/chinafilm/contents/167/3470.shtml
故事影片,影剧备字〔2021〕第1615号,情同手足,长影集团有限责任公司,佟靖宇,同意拍摄,吉林省,长相显老的儿子和冻龄老爸之间的嬉笑怒骂。儿子万万没想到，看似花心不靠谱的老爸，冻龄的原因竟是为了成为患病的儿子的器官提供者，而长年坚持锻炼身体。,2021-06-04,国家电影局关于2021年4月全国电影剧本（梗概）  备案、立项公示的通知-电影备案立项公示-国家电影局,http://www.chinafilm.gov.cn/chinafilm/utils/serviceContent.shtml?ID=56429,http://www.chinafilm.gov.cn/chinafilm/contents/167/3470.shtml
故事影片,影剧备字〔2021〕第1656号,老舅与我,长影集团有限责任公司,孔令媛,同意拍摄,吉林省,故事讲述了一个男孩的老舅在80年代辞职下海后的种种趣事，虽然在辞职后的30多年里老舅一直没有获得很大的成功，但却一直是这个男孩的偶像。最后老舅永不停歇的奋斗精神鼓励了男孩，使男孩获得了成功。,2021-06-04,国家电影局关于2021年4月全国电影剧本（梗概）  备案、立项公示的通知-电影备案立项公示-国家电影局,http://www.chinafilm.gov.cn/chinafilm/utils/serviceContent.shtml?ID=56430,http://www.chinafilm.gov.cn/chinafilm/contents/167/3470.shtml
故事影片,影剧备字〔2021〕第1494号,牛大力的本命年,江苏宝朔文化发展有限公司,陈剑,同意拍摄,江苏省,2021牛年，是牛大力的本命年，也是在这一年他遭遇了事业与爱情的双重挫败，然后后遇到老同学王学铭，两人反思自己究竟错在哪里，最后赶上网红直播带货这趟时代顺风车，并通过不懈努力终获成功！,2021-06-04,国家电影局关于2021年4月全国电影剧本（梗概）  备案、立项公示的通知-电影备案立项公示-国家电影局,http://www.chinafilm.gov.cn/chinafilm/utils/serviceContent.shtml?ID=56431,http://www.chinafilm.gov.cn/chinafilm/contents/167/3470.shtml
故事影片,影剧备字〔2021〕第1619号,麻辣作文课,南京放牛班影视传媒有限公司,马翼翔,同意拍摄,江苏省,语文教师麻老师在校内”新课程改革“的号召下，开发出新颖有趣的教学模式，让畏惧写作的学生勇敢表达心声，帮助班上的“问题”学生马小花获得了作文比赛大奖。麻老师还成功解决了班上同学中的分歧，让班级更加团结了,2021-06-04,国家电影局关于2021年4月全国电影剧本（梗概）  备案、立项公示的通知-电影备案立项公示-国家电影局,http://www.chinafilm.gov.cn/chinafilm/utils/serviceContent.shtml?ID=56432,http://www.chinafilm.gov.cn/chinafilm/contents/167/3470.shtml
故事影片,影剧备字〔2021〕第1542号,黄河一梦,苏州市家铭文化传媒有限公司,刘军、范丛柏,同意拍摄,江苏省,猴鬼是个身染毒瘾的青年，被母亲徐大娘锁在家里，在未婚妻小蝶帮助下逃出了家。村里退休的缉毒警察大成帮着寻找猴鬼的下落，也和小蝶照顾着徐大娘。猴鬼在外流浪遇到了秧歌队的赵伞头。众人帮助下猴鬼重启美好生活。,2021-06-04,国家电影局关于2021年4月全国电影剧本（梗概）  备案、立项公示的通知-电影备案立项公示-国家电影局,http://www.chinafilm.gov.cn/chinafilm/utils/serviceContent.shtml?ID=56433,http://www.chinafilm.gov.cn/chinafilm/contents/167/3470.shtml
故事影片,影剧备字〔2021〕第1679号,偶遇通缉犯,无锡慈文传媒有限公司,朱建伟,同意拍摄,江苏省,何刚目击凶案却被路过的郑金磊误认是疑犯。何刚为证清白与郑金磊一同跟踪劫匪。不料郑金磊却另有所图。二人发生分歧，何刚决定协助警方。经过一系列凶险的追击，终将劫匪绳之以法。郑金磊也因贪欲自食其果。,2021-06-04,国家电影局关于2021年4月全国电影剧本（梗概）  备案、立项公示的通知-电影备案立项公示-国家电影局,http://www.chinafilm.gov.cn/chinafilm/utils/serviceContent.shtml?ID=56434,http://www.chinafilm.gov.cn/chinafilm/contents/167/3470.shtml
故事影片,影剧备字〔2021〕第1675号,谁的青春不迷茫2,小森林（扬州）影业有限公司、北京光线影业有限公司,刘同,同意拍摄,江苏省,2008年，在湘南小城的高中里，一个成绩很差的女孩在高二会考结束后，主动申请并入重点班学习，只为接近那个她仰望的人。始终不言弃的她，在高三经历了一场洗礼式的热血青春，为自己的人生制造了奇迹。,2021-06-04,国家电影局关于2021年4月全国电影剧本（梗概）  备案、立项公示的通知-电影备案立项公示-国家电影局,http://www.chinafilm.gov.cn/chinafilm/utils/serviceContent.shtml?ID=56435,http://www.chinafilm.gov.cn/chinafilm/contents/167/3470.shtml
故事影片,影剧备字〔2021〕第1567号,大人不都是小孩变的吗？,赣州品成文化传播有限公司,张颢,同意拍摄,江西省,12岁的潘梓涵不喜欢数学，却被迫上数学兴趣班。她赌气之下希望父母离婚，这样就没人管她了。重男轻女的外婆带潘梓涵去买花裙子，却遇上了导致父母吵架的事件。梓涵希望父母和好，偷偷做了很多努力，父母最终和好。,2021-06-04,国家电影局关于2021年4月全国电影剧本（梗概）  备案、立项公示的通知-电影备案立项公示-国家电影局,http://www.chinafilm.gov.cn/chinafilm/utils/serviceContent.shtml?ID=56436,http://www.chinafilm.gov.cn/chinafilm/contents/167/3470.shtml
故事影片,影剧备字〔2021〕第1568号,枪，十万火急,赣州品成文化传播有限公司,张品成,同意拍摄,江西省,大革命失败的惨重教训，使中共安源市委意识到枪杆子的重要性，于是发动工人，自造武器；深入险境，寻找武器；离间敌人，智取武器；勇闯军火库，偷运武器；袭击敌人，缴获武器。最后率领几千工农群众，参加秋收起义。,2021-06-04,国家电影局关于2021年4月全国电影剧本（梗概）  备案、立项公示的通知-电影备案立项公示-国家电影局,http://www.chinafilm.gov.cn/chinafilm/utils/serviceContent.shtml?ID=56437,http://www.chinafilm.gov.cn/chinafilm/contents/167/3470.shtml
故事影片,影剧备字〔2021〕第1638号,抬起头来,赣州柚子影视传媒有限公司,朱忠元,同意拍摄,江西省,路峰是南康一个“提篮子”卖家具的中间商，擅长“空手套白狼”并且派头十足。他的同学陆斧则经营着一间小家具厂，像个杂工一样专注实业埋头苦干。两人形象反差巨大，很多人都以为路峰才是老板，因此闹出一连串笑话。,2021-06-04,国家电影局关于2021年4月全国电影剧本（梗概）  备案、立项公示的通知-电影备案立项公示-国家电影局,http://www.chinafilm.gov.cn/chinafilm/utils/serviceContent.shtml?ID=56438,http://www.chinafilm.gov.cn/chinafilm/contents/167/3470.shtml
故事影片,影剧备字〔2021〕第1544号,一城目光,江西磅礴影视文化传播有限公司,肖林军,同意拍摄,江西省,父亲下海经商被骗，残疾女孩逐渐改变自己，从自卑封闭的性格转变为意志坚强的励志女性，并找到了新的人生，挽救了意志消沉的父亲。展现了一段催人泪下的父女情。表现了残疾人自强不息，不惧困难的可贵精神。,2021-06-04,国家电影局关于2021年4月全国电影剧本（梗概）  备案、立项公示的通知-电影备案立项公示-国家电影局,http://www.chinafilm.gov.cn/chinafilm/utils/serviceContent.shtml?ID=56439,http://www.chinafilm.gov.cn/chinafilm/contents/167/3470.shtml
故事影片,影剧备字〔2021〕第1636号,我的姥姥,江西道易影业有限公司,高草,同意拍摄,江西省,从外孙女的视角，回忆在成长过程中与去世外婆的点滴往事。通过穿插大量回忆闪回的情感故事，展现女主和外婆的深厚感情。女主儿时和外婆打趣的约定没有实现，外婆去世成了一生的遗憾，借以此片呼吁广大年轻人珍惜亲情,2021-06-04,国家电影局关于2021年4月全国电影剧本（梗概）  备案、立项公示的通知-电影备案立项公示-国家电影局,http://www.chinafilm.gov.cn/chinafilm/utils/serviceContent.shtml?ID=56440,http://www.chinafilm.gov.cn/chinafilm/contents/167/3470.shtml
故事影片,影剧备字〔2021〕第1641号,红色裁判,江西泽晖影视文化传媒有限公司,樊蔚源,同意拍摄,江西省,1928年初，工农革命军在遂川建立了工农兵政府，并设立了裁判部。该部以《工农兵政府临时政纲》为依据，审理了诸多民事案件，并重新调查审理了旧衙门留下的刑事积案。为我党领导的早期司法实践，烙上了红色印记！,2021-06-04,国家电影局关于2021年4月全国电影剧本（梗概）  备案、立项公示的通知-电影备案立项公示-国家电影局,http://www.chinafilm.gov.cn/chinafilm/utils/serviceContent.shtml?ID=56441,http://www.chinafilm.gov.cn/chinafilm/contents/167/3470.shtml
故事影片,影剧备字〔2021〕第1503号,柠檬金边百里香,阜新市蜂巢文化影视传媒有限公司,孟祥文,同意拍摄,辽宁省,"楚盈盈和武一在名品店成为一对金童玉女的招牌。盈盈学习西点制作，第一次作品被武一品尝，两人开启关于香草的讨论。名品店被蹊跷的抢劫，两人受伤,十年后，百里香种植基地，盈盈和武一相遇。",2021-06-04,国家电影局关于2021年4月全国电影剧本（梗概）  备案、立项公示的通知-电影备案立项公示-国家电影局,http://www.chinafilm.gov.cn/chinafilm/utils/serviceContent.shtml?ID=56442,http://www.chinafilm.gov.cn/chinafilm/contents/167/3470.shtml
故事影片,影剧备字〔2021〕第1593号,燕·归来,沈阳北歆影业有限公司,孙晋,同意拍摄,辽宁省,刘云燕是省商业厅派驻龙山镇凤安村的第一书记。靓丽时尚、外表柔和、内心坚定、韧劲十足。为振兴自己的家乡，义无反顾、百折不挠，以一个共产党员的坚定信念，带领乡亲们走上了一条可持续发展的乡村振兴之路。,2021-06-04,国家电影局关于2021年4月全国电影剧本（梗概）  备案、立项公示的通知-电影备案立项公示-国家电影局,http://www.chinafilm.gov.cn/chinafilm/utils/serviceContent.shtml?ID=56443,http://www.chinafilm.gov.cn/chinafilm/contents/167/3470.shtml
故事影片,影剧备字〔2021〕第1479号,英雄会,内蒙古电影集团有限责任公司,关山驰,同意拍摄,内蒙古自治区,带着不同目的的5个人齐聚巴丹吉林沙漠深的处无信号地带，在沙尘暴的侵袭下，欲望伴随着凶险。转身即是出口，深入亦是迷宫。每个人都是自己的英雄，再不堪的人生也有闪光的时刻。,2021-06-04,国家电影局关于2021年4月全国电影剧本（梗概）  备案、立项公示的通知-电影备案立项公示-国家电影局,http://www.chinafilm.gov.cn/chinafilm/utils/serviceContent.shtml?ID=56444,http://www.chinafilm.gov.cn/chinafilm/contents/167/3470.shtml
故事影片,影剧备字〔2021〕第1546号,天边,内蒙古电影集团有限责任公司,黑春梅,同意拍摄,内蒙古自治区,《海的尽头是草原》是两个小人物，两个不同民族，先后在不同的自然人文环境里，在时代的大背景下，用爱情及生活，高层次地谱写了一曲民族团结的颂歌！,2021-06-04,国家电影局关于2021年4月全国电影剧本（梗概）  备案、立项公示的通知-电影备案立项公示-国家电影局,http://www.chinafilm.gov.cn/chinafilm/utils/serviceContent.shtml?ID=56445,http://www.chinafilm.gov.cn/chinafilm/contents/167/3470.shtml
故事影片,影剧备字〔2021〕第1565号,画皮III,宁夏电影制片厂（有限公司）,杨晓涛,同意拍摄,宁夏回族自治区,天神击败魔王将他封印在魔界空间，魔王元神催生魔种飞出寒冰世界与天狼女王横行人间，驱魔人在九霄美狐小唯千年妖灵的帮助下，消灭了野心勃勃作恶多端的魔界大魔王，阳光重新普照大地，和平即将到来。,2021-06-04,国家电影局关于2021年4月全国电影剧本（梗概）  备案、立项公示的通知-电影备案立项公示-国家电影局,http://www.chinafilm.gov.cn/chinafilm/utils/serviceContent.shtml?ID=56446,http://www.chinafilm.gov.cn/chinafilm/contents/167/3470.shtml
故事影片,影剧备字〔2021〕第1599号,疯狂的GPS,宁夏明道文化发展有限公司、北京华夏荣耀文化产业集团有限公司,张博,同意拍摄,宁夏回族自治区,讲述了周良、彬子、三胖三人误入“上川岛”，发现有人利用岛上的地势，将盗取的海中文物藏于岛中。周良、彬子、三胖便与岛上渔民配合警方侦破“特大盗捞海底文物案”，保护我国文物安全的故事。,2021-06-04,国家电影局关于2021年4月全国电影剧本（梗概）  备案、立项公示的通知-电影备案立项公示-国家电影局,http://www.chinafilm.gov.cn/chinafilm/utils/serviceContent.shtml?ID=56447,http://www.chinafilm.gov.cn/chinafilm/contents/167/3470.shtml
故事影片,影剧备字〔2021〕第1482号,爱情的代驾,宁夏群英影业有限公司,汪琦,同意拍摄,宁夏回族自治区,一部讲述事业爱情双失意的男青年钟成奎为实现人生反转，为神秘富二代当职业替身，结果遭遇多重意外惊喜的爆笑爱情喜剧。,2021-06-04,国家电影局关于2021年4月全国电影剧本（梗概）  备案、立项公示的通知-电影备案立项公示-国家电影局,http://www.chinafilm.gov.cn/chinafilm/utils/serviceContent.shtml?ID=56448,http://www.chinafilm.gov.cn/chinafilm/contents/167/3470.shtml
故事影片,影剧备字〔2021〕第1618号,一字千钧,青岛东方巨龙影业有限公司、山东齐鲁影业传媒有限公司,黄丹、刘春雷,同意拍摄,山东省,1940年元旦，《大众日报》欲登载毛泽东文章，以提振抗战士气。报社人员在转移中，将装满铅字的麻袋掉落河中。铅字工九月拼命搜寻，却还差一字。最终如期出报。一字之缺，由众人手工书写。主席文章传遍全国。,2021-06-04,国家电影局关于2021年4月全国电影剧本（梗概）  备案、立项公示的通知-电影备案立项公示-国家电影局,http://www.chinafilm.gov.cn/chinafilm/utils/serviceContent.shtml?ID=56449,http://www.chinafilm.gov.cn/chinafilm/contents/167/3470.shtml
故事影片,影剧备字〔2021〕第1708号,曾经的大学，曾经的她,青岛东谊影视传媒有限公司,田启强（笔名：田七）,同意拍摄,山东省,本片是一部关于青春、爱情、校园的剧情片，讲述了大学期间田大齐和陈静之间浪漫又惋惜的爱情故事。影片通过记录青春、爱情，还有那个年代大学场景、人文环境和时代特征的再现，勾起一代人对青春和爱情的美好回忆。,2021-06-04,国家电影局关于2021年4月全国电影剧本（梗概）  备案、立项公示的通知-电影备案立项公示-国家电影局,http://www.chinafilm.gov.cn/chinafilm/utils/serviceContent.shtml?ID=56450,http://www.chinafilm.gov.cn/chinafilm/contents/167/3470.shtml
故事影片,影剧备字〔2021〕第1607号,戏台,青岛欢喜首映文化有限公司,陈佩斯,同意拍摄,山东省,民国初年，军阀洪大帅攻占北平。正逢五庆班携名角儿金啸天要演出《霸王别姬》，不料接连发生流氓滋事，大帅霸场等意外。台上台下，侯班主等各色人物的命运阴差阳错地勾连在一起，上演了一出旧世梨园的荒诞喜剧。,2021-06-04,国家电影局关于2021年4月全国电影剧本（梗概）  备案、立项公示的通知-电影备案立项公示-国家电影局,http://www.chinafilm.gov.cn/chinafilm/utils/serviceContent.shtml?ID=56451,http://www.chinafilm.gov.cn/chinafilm/contents/167/3470.shtml
故事影片,影剧备字〔2021〕第1709号,待到雾起时,青岛启点文化传播有限公司,贺东星,同意拍摄,山东省,俞果是一个知名编剧，作品接二连三票房失利，对他打击很大，他来到一处民宿客栈闭关创作，最终俞果释然，走出心理阴影。,2021-06-04,国家电影局关于2021年4月全国电影剧本（梗概）  备案、立项公示的通知-电影备案立项公示-国家电影局,http://www.chinafilm.gov.cn/chinafilm/utils/serviceContent.shtml?ID=56452,http://www.chinafilm.gov.cn/chinafilm/contents/167/3470.shtml
故事影片,影剧备字〔2021〕第1609号,花开在春天,青岛山海聚星影业有限公司,甘露,同意拍摄,山东省,波波、小薇和奥力三个小学生各自有着自己的小烦恼，成长的过程中三人互相帮助，在“新苗托管班”里他们收获了友情，获得成长，同时他们的父母也在此期间学会理解孩子，尊重孩子。,2021-06-04,国家电影局关于2021年4月全国电影剧本（梗概）  备案、立项公示的通知-电影备案立项公示-国家电影局,http://www.chinafilm.gov.cn/chinafilm/utils/serviceContent.shtml?ID=56453,http://www.chinafilm.gov.cn/chinafilm/contents/167/3470.shtml
故事影片,影剧备字〔2021〕第1713号,断线之后,青岛新视点文化发展有限公司,孙艳英、牟兴建,同意拍摄,山东省,电影讲述了寒亭籍年轻共产党员张英，在青岛、济南等地舍生忘死、虎穴锄奸的故事。,2021-06-04,国家电影局关于2021年4月全国电影剧本（梗概）  备案、立项公示的通知-电影备案立项公示-国家电影局,http://www.chinafilm.gov.cn/chinafilm/utils/serviceContent.shtml?ID=56454,http://www.chinafilm.gov.cn/chinafilm/contents/167/3470.shtml
故事影片,影剧备字〔2021〕第1712号,不必说抱歉,山东碧胜文化传播有限公司,王慢慢,同意拍摄,山东省,石韬是一个泥塑师，孩子们在他的工艺坊玩泥塑，石韬拒绝了一个小女孩的礼物，小女孩因委屈对大人说了一个谎言，导致石韬阴差阳错的遭受各种误解和不公，问心无愧的石韬用修养和品行纠正无端的质疑，捍卫自己的尊严。,2021-06-04,国家电影局关于2021年4月全国电影剧本（梗概）  备案、立项公示的通知-电影备案立项公示-国家电影局,http://www.chinafilm.gov.cn/chinafilm/utils/serviceContent.shtml?ID=56455,http://www.chinafilm.gov.cn/chinafilm/contents/167/3470.shtml
故事影片,影剧备字〔2021〕第1608号,魔盒1,山东橙果影视文化发展有限公司,梁鸿华,同意拍摄,山东省,生活昏暗的女大学生施锦子偶然得到一个可以许6个愿望的神秘盒子，认为赚到了的她殊不知危险正在一个个向她家人靠近。她的每一次愿望都带来了一次意外，贪婪的她不以为然，最终惨遭不测。,2021-06-04,国家电影局关于2021年4月全国电影剧本（梗概）  备案、立项公示的通知-电影备案立项公示-国家电影局,http://www.chinafilm.gov.cn/chinafilm/utils/serviceContent.shtml?ID=56456,http://www.chinafilm.gov.cn/chinafilm/contents/167/3470.shtml
故事影片,影剧备字〔2021〕第1629号,奉先殿秘录之王者天下,山东杰百旺影视文化有限公司,韩愈,同意拍摄,山东省,藩王兵临城下，皇帝周肃文靠“移魂之术”改头换面苟且偷生。在逃亡路上遇到了刺客埋伏，幸好有山贼出手相助才保住性命。在山寨的生活中，周肃文身为王者的责任感以及正义感被唤醒。最终选择挺身而出、剿灭奸臣。,2021-06-04,国家电影局关于2021年4月全国电影剧本（梗概）  备案、立项公示的通知-电影备案立项公示-国家电影局,http://www.chinafilm.gov.cn/chinafilm/utils/serviceContent.shtml?ID=56457,http://www.chinafilm.gov.cn/chinafilm/contents/167/3470.shtml
故事影片,影剧备字〔2021〕第1606号,寻找英雄,山东柒玖影业有限公司,孙夜晓,同意拍摄,山东省,博士毕业的张一凡没有出国深造而是回到家乡，并爷爷张大军的支持下跟父亲竞选起村委会主任，这让父亲张元良很不理解。故事由此展开，祖孙三代面对这一片故乡热土，上演了一幕幕精彩纷呈的故事。,2021-06-04,国家电影局关于2021年4月全国电影剧本（梗概）  备案、立项公示的通知-电影备案立项公示-国家电影局,http://www.chinafilm.gov.cn/chinafilm/utils/serviceContent.shtml?ID=56458,http://www.chinafilm.gov.cn/chinafilm/contents/167/3470.shtml
故事影片,影剧备字〔2021〕第1711号,镖王,山东小草青青影业有限公司,刘青松,同意拍摄,山东省,傅安出使西域持节不屈，以赵天翊为首的龙威护卫不辱使命和平解救傅安，并以德感化番邦首领，化干戈为玉帛。体现了我华夏大国道义为先，义利并举的尊严与威徳。,2021-06-04,国家电影局关于2021年4月全国电影剧本（梗概）  备案、立项公示的通知-电影备案立项公示-国家电影局,http://www.chinafilm.gov.cn/chinafilm/utils/serviceContent.shtml?ID=56459,http://www.chinafilm.gov.cn/chinafilm/contents/167/3470.shtml
故事影片,影剧备字〔2021〕第1706号,铁锤的春天,中影金马（山东）影业有限公司,杨宝德,同意拍摄,山东省,农村小伙杨铁锤和富商的女儿王薇薇相恋，富商想把女儿许配给好友的儿子马腾，以求得资金帮助集团，王薇薇为了追寻自己的爱情奋力抗争，最终和王铁锤在一起过上了幸福的生活。,2021-06-04,国家电影局关于2021年4月全国电影剧本（梗概）  备案、立项公示的通知-电影备案立项公示-国家电影局,http://www.chinafilm.gov.cn/chinafilm/utils/serviceContent.shtml?ID=56460,http://www.chinafilm.gov.cn/chinafilm/contents/167/3470.shtml
故事影片,影剧备字〔2021〕第1484号,军号从王莽岭响起,山西广电影视艺术传媒有限公司、山西日臻影视传媒有限公司,王强,同意拍摄,山西省,陵川县河头庄村穷孩子牛修武，参加八路军号兵训练班，刻苦学习。解放战争中，成长为我军基层干部。在解放云南战役时，率领一个排，坚守伏波岭阵地，多次击退敌军的疯狂进攻，堵住敌逃往越南的路，英勇牺牲。,2021-06-04,国家电影局关于2021年4月全国电影剧本（梗概）  备案、立项公示的通知-电影备案立项公示-国家电影局,http://www.chinafilm.gov.cn/chinafilm/utils/serviceContent.shtml?ID=56461,http://www.chinafilm.gov.cn/chinafilm/contents/167/3470.shtml
故事影片,影剧备字〔2021〕第1505号,欢迎您再来,山西景辰未来影视传媒有限公司,汪洪、刘鹏飞、张琳,同意拍摄,山西省,郝有理与老板甄皮修闹掰辞职，回到家乡小溪村写了一篇虚假宣传当地美景的文章，结果文章大火，引来想靠旅行挽救婚姻的甄皮修夫妻。一行人在小溪村发生了一系列滑稽又感人的故事，最终推动了当地文旅产业发展。,2021-06-04,国家电影局关于2021年4月全国电影剧本（梗概）  备案、立项公示的通知-电影备案立项公示-国家电影局,http://www.chinafilm.gov.cn/chinafilm/utils/serviceContent.shtml?ID=56462,http://www.chinafilm.gov.cn/chinafilm/contents/167/3470.shtml
故事影片,影剧备字〔2021〕第1695号,烽烟南太行,山西微媒体文化传媒有限公司,赵光明,同意拍摄,山西省,牛金娃受晋城中心县委委派来到西土河村开展工作，发展党员，建立武装。牛金娃成功将西土河村带有迷信色彩的“红枪会”改造成抗日游击队，建立起党组织，粉碎了鬼子的征粮行动，并完成上级交办护送八路军首长的任务。,2021-06-04,国家电影局关于2021年4月全国电影剧本（梗概）  备案、立项公示的通知-电影备案立项公示-国家电影局,http://www.chinafilm.gov.cn/chinafilm/utils/serviceContent.shtml?ID=56463,http://www.chinafilm.gov.cn/chinafilm/contents/167/3470.shtml
故事影片,影剧备字〔2021〕第1570号,天机神宫之悬龙归墟,陕西广电影视文化产业发展有限公司,柳庆庆,同意拍摄,陕西省,本片描写了天机后人滕启啸，为获得自由，并寻找当年失踪的父亲，替当朝皇子晋王寻得天机宝物镇龙盘。而后却发现晋王意图炸毁镇龙盘，实现一统天下的狼子野心。最终，滕启啸为避免涂炭生灵，成功阻止晋王，保全镇龙盘,2021-06-04,国家电影局关于2021年4月全国电影剧本（梗概）  备案、立项公示的通知-电影备案立项公示-国家电影局,http://www.chinafilm.gov.cn/chinafilm/utils/serviceContent.shtml?ID=56464,http://www.chinafilm.gov.cn/chinafilm/contents/167/3470.shtml
故事影片,影剧备字〔2021〕第1498号,夜宿梨树湾,陕西华原文化产业投资发展有限公司,王冰峰,同意拍摄,陕西省,游击队员为救治红军伤员急需抗菌素盘尼西林，在运输途中遭到国民党军雷天一等人拦截。为保护药品不被敌军发现，将它藏在客栈并与土匪、国民党军在客栈斗智斗勇，在客栈老板等人的帮助下，终将药品安全送到根据地。,2021-06-04,国家电影局关于2021年4月全国电影剧本（梗概）  备案、立项公示的通知-电影备案立项公示-国家电影局,http://www.chinafilm.gov.cn/chinafilm/utils/serviceContent.shtml?ID=56465,http://www.chinafilm.gov.cn/chinafilm/contents/167/3470.shtml
故事影片,影剧备字〔2021〕第1717号,大都汇,陕西嘉轩天赋影视文化有限公司,李晓虎,同意拍摄,陕西省,大明赛车时发生意外兄弟闻西不幸离世。重情重义的他为了凑闻西母亲的手术费，再次赛车却输掉比赛。无奈向孙姿借钱却发生口角，慌乱中误伤了孙姿的兄弟，不知如何是好的他只能暂时躲避，却在此期间找到了人生的方向。,2021-06-04,国家电影局关于2021年4月全国电影剧本（梗概）  备案、立项公示的通知-电影备案立项公示-国家电影局,http://www.chinafilm.gov.cn/chinafilm/utils/serviceContent.shtml?ID=56466,http://www.chinafilm.gov.cn/chinafilm/contents/167/3470.shtml
故事影片,影剧备字〔2021〕第1520号,捌拾叁,陕西普诚泽瑞文化传媒有限公司,刘夏,同意拍摄,陕西省,为了完成母亲遗愿，给曾经保卫村庄的烈士们修建纪念碑，叶舒岭踏上了属于他的征程。一路上，他用自己的坚定信念和纯朴初心，收获了难得的友情。最终，在众多的帮助之下，纪念碑终于建成。,2021-06-04,国家电影局关于2021年4月全国电影剧本（梗概）  备案、立项公示的通知-电影备案立项公示-国家电影局,http://www.chinafilm.gov.cn/chinafilm/utils/serviceContent.shtml?ID=56467,http://www.chinafilm.gov.cn/chinafilm/contents/167/3470.shtml
故事影片,影剧备字〔2021〕第1715号,优游,陕西石榴影视文化传播有限公司,沈晓闽,同意拍摄,陕西省,讲述了贾阳和张波两个失落的人来到海岛，他们邂逅了曼珠华姐妹。七周的海岛之旅，四个年轻人经历了彼此的误会和摩擦，在追逐与被追逐之间产生了感情。他们在海岛各处游历，治愈了伤痛，重新思考人生并开始新生活。,2021-06-04,国家电影局关于2021年4月全国电影剧本（梗概）  备案、立项公示的通知-电影备案立项公示-国家电影局,http://www.chinafilm.gov.cn/chinafilm/utils/serviceContent.shtml?ID=56468,http://www.chinafilm.gov.cn/chinafilm/contents/167/3470.shtml
故事影片,影剧备字〔2021〕第1504号,不惑之年,陕西西咸新区秦汉新城影视发展有限公司、西咸新区橙蝶影视文化有限公司,李京玉,同意拍摄,陕西省,刘卫东早年丧妻后独自抚养着儿子刘志，成功企业家张国庆身为单亲父亲却一直搞不定儿子张峰，张国庆招聘专职司机的事，让他和刘卫东相遇。两个家庭通过不断碰撞，最终化解了各自的矛盾并在生活中相互包容，支持。,2021-06-04,国家电影局关于2021年4月全国电影剧本（梗概）  备案、立项公示的通知-电影备案立项公示-国家电影局,http://www.chinafilm.gov.cn/chinafilm/utils/serviceContent.shtml?ID=56469,http://www.chinafilm.gov.cn/chinafilm/contents/167/3470.shtml
故事影片,影剧备字〔2021〕第1566号,筑梦少年,陕西西影数码传媒科技有限责任公司,刘刚,同意拍摄,陕西省,假期都市日报小记者参加报社对贫困山村村民在党和政府的带领下脱贫致富采访报道，与当地的同龄小伙伴之间的友谊。同时小记者们想怎么能更好的宣传当地特产为村民做点贡献发生的其妙故事,2021-06-04,国家电影局关于2021年4月全国电影剧本（梗概）  备案、立项公示的通知-电影备案立项公示-国家电影局,http://www.chinafilm.gov.cn/chinafilm/utils/serviceContent.shtml?ID=56470,http://www.chinafilm.gov.cn/chinafilm/contents/167/3470.shtml
故事影片,影剧备字〔2021〕第1483号,终劫十二,陕西新弘晟晖影视制作发行有限公司、佛山天享影业有限公司、陕西华源浩海影视制作发行有限公司,张曙、谷国庆,同意拍摄,陕西省,民国初年，滨海港商会会长李三林女儿与多名幼童被掳，下落不明，多年前类似案件也浮出水面。三林与警察小森追查出各种线索均指向普度众生的救济会。他们接近谜底，解救孩童，但冥冥中一股势力正将魔掌伸向整个滨海。,2021-06-04,国家电影局关于2021年4月全国电影剧本（梗概）  备案、立项公示的通知-电影备案立项公示-国家电影局,http://www.chinafilm.gov.cn/chinafilm/utils/serviceContent.shtml?ID=56471,http://www.chinafilm.gov.cn/chinafilm/contents/167/3470.shtml
故事影片,影剧备字〔2021〕第1645号,我的协议女友,西安白露风河旅游文化传播有限公司、河北正天景合文化传媒有限公司,杨梓,同意拍摄,陕西省,叶梓夕陪“男友”返回老家看望病危的奶奶，无意中开启了她与“婆婆”和“奶奶”间一段爆笑又危机四伏的农村直播带货经历。男女主人公也在这复杂又变幻莫测的家庭关系中渐生情愫，最终两人在家人的撮合下成为真正情侣,2021-06-04,国家电影局关于2021年4月全国电影剧本（梗概）  备案、立项公示的通知-电影备案立项公示-国家电影局,http://www.chinafilm.gov.cn/chinafilm/utils/serviceContent.shtml?ID=56472,http://www.chinafilm.gov.cn/chinafilm/contents/167/3470.shtml
故事影片,影剧备字〔2021〕第1588号,梦想的足迹,西安二十一圈影视文化传媒有限公司,张奕辄、李锐,同意拍摄,陕西省,郑辉因父亲修脚工的身份而倍感屈辱。在一次激烈争吵将父亲气进ICU后，郑辉竟意外回到几十年前，与年轻时期的父亲重新结识。通过一段时间的相处，郑辉渐渐明白父亲的执着，选择与父亲和解，并帮助他实现未尽的梦想,2021-06-04,国家电影局关于2021年4月全国电影剧本（梗概）  备案、立项公示的通知-电影备案立项公示-国家电影局,http://www.chinafilm.gov.cn/chinafilm/utils/serviceContent.shtml?ID=56473,http://www.chinafilm.gov.cn/chinafilm/contents/167/3470.shtml
故事影片,影剧备字〔2021〕第1500号,半空有眼,西安九重天影视文化传播有限责任公司,张建勇 杜鹏孝,同意拍摄,陕西省,一个边区最大潜伏特务网的惊险破获故事。一个发生在解放前延安时期，隐蔽战线上罕为人知的事件。一个在民族大义面前，何去何从艰难抉择的历程。并最终牺牲自我走向光明，走向新中国的信仰故事。,2021-06-04,国家电影局关于2021年4月全国电影剧本（梗概）  备案、立项公示的通知-电影备案立项公示-国家电影局,http://www.chinafilm.gov.cn/chinafilm/utils/serviceContent.shtml?ID=56474,http://www.chinafilm.gov.cn/chinafilm/contents/167/3470.shtml
故事影片,影剧备字〔2021〕第1499号,苍穹青山,西安乐和影视文化传媒有限公司,任彦,同意拍摄,陕西省,植物学博士周志不顾女友秦露的反对，自愿扎根到秦岭山区林场基层一线从事生态保护，遇见了守护秦岭山区近40年的老护林员吕青山，两代护林人完成了接力守望，保护苍穹青山常绿，同时周志也挽回了女友的爱情。,2021-06-04,国家电影局关于2021年4月全国电影剧本（梗概）  备案、立项公示的通知-电影备案立项公示-国家电影局,http://www.chinafilm.gov.cn/chinafilm/utils/serviceContent.shtml?ID=56475,http://www.chinafilm.gov.cn/chinafilm/contents/167/3470.shtml
故事影片,影剧备字〔2021〕第1553号,税金马车,西安日月联合影视文化传播有限公司,白文光,同意拍摄,陕西省,故事讲述了民国时期在狂野西部人性厮杀的环境中，几路不明身份的人为抢夺税金马车占据了一个客栈，客栈女主人和伙计为了生存奋力反抗保护自己客栈的故事。,2021-06-04,国家电影局关于2021年4月全国电影剧本（梗概）  备案、立项公示的通知-电影备案立项公示-国家电影局,http://www.chinafilm.gov.cn/chinafilm/utils/serviceContent.shtml?ID=56476,http://www.chinafilm.gov.cn/chinafilm/contents/167/3470.shtml
故事影片,影剧备字〔2021〕第1714号,黑白城,西安日月联合影视文化传播有限公司,白文光,同意拍摄,陕西省,故事讲诉野马帮老大马青云被部下出卖，重伤出逃后失忆变成了县城里一个老实巴交的车夫陈安平，保安团队长为剿灭野马帮，恶意诬陷陈安平欲将他当成匪帮替罪羊，陈安平在逼迫下一步步变成匪徒马青云。,2021-06-04,国家电影局关于2021年4月全国电影剧本（梗概）  备案、立项公示的通知-电影备案立项公示-国家电影局,http://www.chinafilm.gov.cn/chinafilm/utils/serviceContent.shtml?ID=56477,http://www.chinafilm.gov.cn/chinafilm/contents/167/3470.shtml
故事影片,影剧备字〔2021〕第1587号,加油啊！三筒,西安识君影视文化有限公司,郭子圣,同意拍摄,陕西省,天听和妻子百合的离婚官司纠扯多年，强迫妻子离婚后必须把儿子三筒也一起带走。天听患了失忆症，已无力再照顾儿子，得知真相的百合终于释怀，而天听唯一的愿望就是希望儿子能永远好好的。,2021-06-04,国家电影局关于2021年4月全国电影剧本（梗概）  备案、立项公示的通知-电影备案立项公示-国家电影局,http://www.chinafilm.gov.cn/chinafilm/utils/serviceContent.shtml?ID=56478,http://www.chinafilm.gov.cn/chinafilm/contents/167/3470.shtml
故事影片,影剧备字〔2021〕第1688号,野营B计划,西安维恩艺术文化传播有限公司,黄磊,同意拍摄,陕西省,权锋和江小曼是新组合家庭的夫妻。姐姐权颖11岁，弟弟江涛9岁。姐弟水火不容。全家野营时父母走丢，姐弟克服种种困难后全家团聚，发现是父母和邻居暗中计划，理解了父母良苦用心并言归于好。,2021-06-04,国家电影局关于2021年4月全国电影剧本（梗概）  备案、立项公示的通知-电影备案立项公示-国家电影局,http://www.chinafilm.gov.cn/chinafilm/utils/serviceContent.shtml?ID=56479,http://www.chinafilm.gov.cn/chinafilm/contents/167/3470.shtml
故事影片,影剧备字〔2021〕第1716号,妈，抱一下,西安烟花易影视文化传媒有限公司,许冰,同意拍摄,陕西省,母亲因癌症入院治疗，儿子在二十多天里悉心陪护。可进入晚期的疾病让所有人都束手无策。这时候，儿子决心带母亲逃离病床，带她去完成一个此生未了的心愿。母亲虽然病逝路上，但儿子依然带着她来到了海边。,2021-06-04,国家电影局关于2021年4月全国电影剧本（梗概）  备案、立项公示的通知-电影备案立项公示-国家电影局,http://www.chinafilm.gov.cn/chinafilm/utils/serviceContent.shtml?ID=56480,http://www.chinafilm.gov.cn/chinafilm/contents/167/3470.shtml
故事影片,影剧备字〔2021〕第1689号,萧方圆传：缘起,新代码影业（陕西）有限公司、新代码影业（北京）有限公司,汪子祺,同意拍摄,陕西省,讲述萧方圆退伍后成为新代码集团马总的私人保镖，在一次出国行程中因天气原因飞机迫降中东某国，而该国国内国内政权动荡形势严峻。最后在中国驻该国使馆与国际友人多方帮助下成功护送马总安全离开该国，并找回所爱.,2021-06-04,国家电影局关于2021年4月全国电影剧本（梗概）  备案、立项公示的通知-电影备案立项公示-国家电影局,http://www.chinafilm.gov.cn/chinafilm/utils/serviceContent.shtml?ID=56481,http://www.chinafilm.gov.cn/chinafilm/contents/167/3470.shtml
故事影片,影剧备字〔2021〕第1648号,初愈,黛娜（上海）文化传播有限公司,邵雪峰,同意拍摄,上海市,上海某一室户住着一家五口，男主创业失败，人到中年一蹶不振，常年家里蹲。他包揽一切家务，把家里照顾的不错。而沉迷短视频的糊涂妻子，突患大病侥幸存活，焦虑，随后沉迷网络鸡汤鸡血文。勉强维持的平静不复存在。,2021-06-04,国家电影局关于2021年4月全国电影剧本（梗概）  备案、立项公示的通知-电影备案立项公示-国家电影局,http://www.chinafilm.gov.cn/chinafilm/utils/serviceContent.shtml?ID=56482,http://www.chinafilm.gov.cn/chinafilm/contents/167/3470.shtml
故事影片,影剧备字〔2021〕第1507号,全民明星,坏猴子（上海）文化传播有限公司,刘晓丹、赵天佑,同意拍摄,上海市,过气香港明星为了重新“翻红”，与某国内大导演合作影片《乡村教师》。他深入农村体验生活，却因为傲慢引发了一系列不可收场的闹剧。最终，他顿悟待人真诚才是最珍贵的品质，他的生活亦转变重拾美好。,2021-06-04,国家电影局关于2021年4月全国电影剧本（梗概）  备案、立项公示的通知-电影备案立项公示-国家电影局,http://www.chinafilm.gov.cn/chinafilm/utils/serviceContent.shtml?ID=56483,http://www.chinafilm.gov.cn/chinafilm/contents/167/3470.shtml
故事影片,影剧备字〔2021〕第1545号,爸妈我爱你,磐龙（上海）文化传播有限公司,陈小艺,同意拍摄,上海市,亚东为完成员工心愿，带女友前往村镇网点亲自配送四个找不到收件人的包裹，亚东和女友发现了包裹背后是四个留守孩子令人感动的故事和秘密，孩子们也解开了对父母的误解，并深刻感受到来自爸妈的爱。,2021-06-04,国家电影局关于2021年4月全国电影剧本（梗概）  备案、立项公示的通知-电影备案立项公示-国家电影局,http://www.chinafilm.gov.cn/chinafilm/utils/serviceContent.shtml?ID=56484,http://www.chinafilm.gov.cn/chinafilm/contents/167/3470.shtml
故事影片,影剧备字〔2021〕第1617号,风尘三侠,青鸟影业（上海）有限公司,高凡,同意拍摄,上海市,李靖于隋末在长安谒见司空杨素，为杨素家妓红拂所倾慕，随之出奔，途中结识豪侠虬髯客，同至太原，虬髯客本有争夺天下之志，听说李世民神气不凡，知不能匹敌，遂独自离去。李靖、红拂、虬髯三人，后人亦称风尘三侠。,2021-06-04,国家电影局关于2021年4月全国电影剧本（梗概）  备案、立项公示的通知-电影备案立项公示-国家电影局,http://www.chinafilm.gov.cn/chinafilm/utils/serviceContent.shtml?ID=56485,http://www.chinafilm.gov.cn/chinafilm/contents/167/3470.shtml
故事影片,影剧备字〔2021〕第1703号,迷航昆仑墟之乾坤诀,上海斐儿文化传播有限公司,颜彬,同意拍摄,上海市,张艺军女朋友离奇自杀并消失，他闯入魔幻般的宝瓶，历经艰难险阻，面对“摔掉宝瓶女朋友会死；留着宝瓶，世人会受到情绪污染”的两难。他们经历生离死别后，明白了：只要不能摆脱自己的情绪，就永远也不能战胜自己。,2021-06-04,国家电影局关于2021年4月全国电影剧本（梗概）  备案、立项公示的通知-电影备案立项公示-国家电影局,http://www.chinafilm.gov.cn/chinafilm/utils/serviceContent.shtml?ID=56486,http://www.chinafilm.gov.cn/chinafilm/contents/167/3470.shtml
故事影片,影剧备字〔2021〕第1704号,迷航昆仑墟之阴阳诀,上海斐儿文化传播有限公司,沈诗棋,同意拍摄,上海市,本片以“舒适安逸”的阳瓶代表了不劳而获的欲望；以“痛苦险恶”的阴瓶代表了奋斗中的艰辛。最终阴阳互换，困难使人奋进，安逸使人停滞。小张经历一夜暴富和九死一生后终于明白：幸福生活都是奋斗出来的。,2021-06-04,国家电影局关于2021年4月全国电影剧本（梗概）  备案、立项公示的通知-电影备案立项公示-国家电影局,http://www.chinafilm.gov.cn/chinafilm/utils/serviceContent.shtml?ID=56487,http://www.chinafilm.gov.cn/chinafilm/contents/167/3470.shtml
故事影片,影剧备字〔2021〕第1605号,爸爸妈妈别离开我,上海亥母影业集团有限公司,马响,同意拍摄,上海市,家庭就像是社会的细胞，完整的家庭不仅是个人美好生活的起点，也是优良人格形成的源头。爸爸妈妈别离开我，从孩子的视角来呼唤亲情，唤醒人们对孩子、爱情，家庭及社会责任的担当......,2021-06-04,国家电影局关于2021年4月全国电影剧本（梗概）  备案、立项公示的通知-电影备案立项公示-国家电影局,http://www.chinafilm.gov.cn/chinafilm/utils/serviceContent.shtml?ID=56488,http://www.chinafilm.gov.cn/chinafilm/contents/167/3470.shtml
故事影片,影剧备字〔2021〕第1543号,路由器惊魂,上海浩林文化传播股份有限公司,曹茹莎,同意拍摄,上海市,讲述了一对新婚夫妻从爱情走入婚姻，遭遇现实责难后的挣扎与对抗，最终解开误会，携手克服困难，感受婚姻真谛的故事。,2021-06-04,国家电影局关于2021年4月全国电影剧本（梗概）  备案、立项公示的通知-电影备案立项公示-国家电影局,http://www.chinafilm.gov.cn/chinafilm/utils/serviceContent.shtml?ID=56489,http://www.chinafilm.gov.cn/chinafilm/contents/167/3470.shtml
故事影片,影剧备字〔2021〕第1616号,仙人掌日记,上海井树文化传媒有限公司,刘东,同意拍摄,上海市,2008年一所三线小城的大学校园中，武楠君、杨帆、朱丽阳、陈芳菲四个女孩在最美的年华，用最真的友谊，迸发出战胜病魔和死神的巨大能量，救助患白血病的舍友孟海琴的故事。,2021-06-04,国家电影局关于2021年4月全国电影剧本（梗概）  备案、立项公示的通知-电影备案立项公示-国家电影局,http://www.chinafilm.gov.cn/chinafilm/utils/serviceContent.shtml?ID=56490,http://www.chinafilm.gov.cn/chinafilm/contents/167/3470.shtml
故事影片,影剧备字〔2021〕第1569号,女神变身记,上海咖乐影业有限公司,陈颖杰,同意拍摄,上海市,看似平凡无奇的502，经历过挫败与嘲弄，依然坚持本我与真心，即使没有裹着华丽的外衣，善良乐观让他们收获了真实的情感和友谊，年少的他们人生路还要继续走下去，加油吧，天使般的少年们！,2021-06-04,国家电影局关于2021年4月全国电影剧本（梗概）  备案、立项公示的通知-电影备案立项公示-国家电影局,http://www.chinafilm.gov.cn/chinafilm/utils/serviceContent.shtml?ID=56491,http://www.chinafilm.gov.cn/chinafilm/contents/167/3470.shtml
故事影片,影剧备字〔2021〕第1523号,漫漫长日,上海晓年青文化传媒有限公司,王子川,同意拍摄,上海市,刚转校到新班级的朱同是班上学习成绩最差的学生，初来乍到的他在班里也格格不入。他在校园里经历了非同寻常的一天，现实与奇幻的想象交织在一起，让朱同得到了成长。,2021-06-04,国家电影局关于2021年4月全国电影剧本（梗概）  备案、立项公示的通知-电影备案立项公示-国家电影局,http://www.chinafilm.gov.cn/chinafilm/utils/serviceContent.shtml?ID=56492,http://www.chinafilm.gov.cn/chinafilm/contents/167/3470.shtml
故事影片,影剧备字〔2021〕第1594号,迟来的爱,上海亦秋影业有限公司,徐权,同意拍摄,上海市,小东和外婆一起生活，外婆年迈又有病，她希望去世前为小东找到爸爸。小东找来马路假冒自己的爸爸以讨外婆欢心，不明真相的外婆将小东托付给了他。这一对非血缘关系的父子在每日的相处中，慢慢产生了真正的父子深情。,2021-06-04,国家电影局关于2021年4月全国电影剧本（梗概）  备案、立项公示的通知-电影备案立项公示-国家电影局,http://www.chinafilm.gov.cn/chinafilm/utils/serviceContent.shtml?ID=56493,http://www.chinafilm.gov.cn/chinafilm/contents/167/3470.shtml
故事影片,影剧备字〔2021〕第1647号,烦恼外星人,上海影萌科技有限公司,王鹏,同意拍摄,上海市,故事借外星虫人对人类社会的探索之旅，演绎现代都市人的生活。表面是外星科幻，实则表现的是人在家庭，事业中遇到的问题。情感和利益面前我们该如何取舍。真假虚实名利起伏，永恒的是以理服人，以诚信人，以情化人。,2021-06-04,国家电影局关于2021年4月全国电影剧本（梗概）  备案、立项公示的通知-电影备案立项公示-国家电影局,http://www.chinafilm.gov.cn/chinafilm/utils/serviceContent.shtml?ID=56494,http://www.chinafilm.gov.cn/chinafilm/contents/167/3470.shtml
故事影片,影剧备字〔2021〕第1519号,复活的恋人,上海勇士影业有限公司,张勇,同意拍摄,上海市,未来人工智能高度发达。女友雅去世。张洋申请一个智能机器人P08。雅又神奇出现，自称来自未来，逼张洋毁灭P08。张洋发现，复活的雅是一个更高端的智能机器人，而她的到来还隐藏着一个巨大阴谋。,2021-06-04,国家电影局关于2021年4月全国电影剧本（梗概）  备案、立项公示的通知-电影备案立项公示-国家电影局,http://www.chinafilm.gov.cn/chinafilm/utils/serviceContent.shtml?ID=56495,http://www.chinafilm.gov.cn/chinafilm/contents/167/3470.shtml
故事影片,影剧备字〔2021〕第1705号,风一样的她,泰海影业文化传播（上海）有限公司,杨承融,同意拍摄,上海市,年过半百的钱先生与太太发生感情问题，太太要离开前往东京，钱先生得知同行航班还有一直对太太图谋不轨的岳老板，于是决定前往机场挽留太太。从而上演了一场坎坷的挽留爱情的故事。,2021-06-04,国家电影局关于2021年4月全国电影剧本（梗概）  备案、立项公示的通知-电影备案立项公示-国家电影局,http://www.chinafilm.gov.cn/chinafilm/utils/serviceContent.shtml?ID=56496,http://www.chinafilm.gov.cn/chinafilm/contents/167/3470.shtml
故事影片,影剧备字〔2021〕第1571号,夏天里的四季,晚睡晚起（上海）影视文化工作室,刘鉴,同意拍摄,上海市,影片讲述了男主夏凡和三个朋友二十年里，从初中、高中、大学、就业直到中年，经历了爱情、现实的婚姻、朋友的背叛和一起看过的世界杯。,2021-06-04,国家电影局关于2021年4月全国电影剧本（梗概）  备案、立项公示的通知-电影备案立项公示-国家电影局,http://www.chinafilm.gov.cn/chinafilm/utils/serviceContent.shtml?ID=56497,http://www.chinafilm.gov.cn/chinafilm/contents/167/3470.shtml
故事影片,影剧备字〔2021〕第1624号,逃出生命岛2死亡之海,惜恒影视（上海）有限公司,果生（李紫军）,同意拍摄,上海市,精神病人强烈要求女医生（甘兰）互换身份，并讲述某个幻觉故事。甘医生为了病人的治疗，硬着头皮陪着号呼“高明”的精神病人分享了一个荒唐的故事。,2021-06-04,国家电影局关于2021年4月全国电影剧本（梗概）  备案、立项公示的通知-电影备案立项公示-国家电影局,http://www.chinafilm.gov.cn/chinafilm/utils/serviceContent.shtml?ID=56498,http://www.chinafilm.gov.cn/chinafilm/contents/167/3470.shtml
故事影片,影剧备字〔2021〕第1536号,婚姻往事,伊麦（上海）文化发展有限公司,陈楚群,同意拍摄,上海市,50岁的苏醒驾车从家里逃了出来，曾经她是众人眼里的“中国好女人”，能里能外，为人处事谦和周到，却在50岁生日之际突然从家中“辞职”，不顾层层阻拦，义无反顾驾车出走。,2021-06-04,国家电影局关于2021年4月全国电影剧本（梗概）  备案、立项公示的通知-电影备案立项公示-国家电影局,http://www.chinafilm.gov.cn/chinafilm/utils/serviceContent.shtml?ID=56499,http://www.chinafilm.gov.cn/chinafilm/contents/167/3470.shtml
故事影片,影剧备字〔2021〕第1696号,绿茵青春,成都华宇新时代影视文化传播有限公司,牟方刚、王威维,同意拍摄,四川省,故事讲述了才华横溢的足球少年黄玉宇，和王学磊等一群小伙伴一起追逐足球梦的故事。六年级学生黄玉宇梦想成为职业球员，但是父母反对，经过一系列努力，进入体校足球队。在四年一度的省运会上，黄玉宇带领球队战胜强,2021-06-04,国家电影局关于2021年4月全国电影剧本（梗概）  备案、立项公示的通知-电影备案立项公示-国家电影局,http://www.chinafilm.gov.cn/chinafilm/utils/serviceContent.shtml?ID=56500,http://www.chinafilm.gov.cn/chinafilm/contents/167/3470.shtml
故事影片,影剧备字〔2021〕第1698号,林中空地,成都思美传媒有限责任公司、思美传媒股份有限公司,郑威,同意拍摄,四川省,39岁的胡世在大城市过着极其单调和重复的生活，因为一个偶然的机缘踏上了寻找二十年未曾联系的高中好友周易的路，然而这条寻找之路上遇见的人和事却让胡世仿佛走进了密林中的空地——不见去路也不见归途。,2021-06-04,国家电影局关于2021年4月全国电影剧本（梗概）  备案、立项公示的通知-电影备案立项公示-国家电影局,http://www.chinafilm.gov.cn/chinafilm/utils/serviceContent.shtml?ID=56501,http://www.chinafilm.gov.cn/chinafilm/contents/167/3470.shtml
故事影片,影剧备字〔2021〕第1697号,逃跑的机器人,海创时空（成都）影视有限公司,杨东,同意拍摄,四川省,公司破产、众叛亲离的it执念男，偶遇腹黑高冷的智能机器人，两人结成“长短兄弟”。南行囧途之上，两人乱斗不断，笑料不止。前后有追兵敌手，二人一路惊心凯歌。最终人竟被机器人感化，机器人也学会了人类的爱。,2021-06-04,国家电影局关于2021年4月全国电影剧本（梗概）  备案、立项公示的通知-电影备案立项公示-国家电影局,http://www.chinafilm.gov.cn/chinafilm/utils/serviceContent.shtml?ID=56502,http://www.chinafilm.gov.cn/chinafilm/contents/167/3470.shtml
故事影片,影剧备字〔2021〕第1472号,告别象牙塔,四川联辉影业有限公司、四川华艺时代影视文化有限公司,伍婷婷,同意拍摄,四川省,即将大四毕业的齐宇和姚佳，面临毕业的一系列问题，是出国还是找工作，是自己奋斗还是等父母安排？他们经历了每个大四学生都要经历的考验，感情也在这些事情中摇摇欲坠。最终，两人相互体量，为了未来共同奋斗。,2021-06-04,国家电影局关于2021年4月全国电影剧本（梗概）  备案、立项公示的通知-电影备案立项公示-国家电影局,http://www.chinafilm.gov.cn/chinafilm/utils/serviceContent.shtml?ID=56503,http://www.chinafilm.gov.cn/chinafilm/contents/167/3470.shtml
故事影片,影剧备字〔2021〕第1701号,超级时光猪,四川若城文化传媒有限公司、成都靓声文化传媒有限公司,梁淡若、张诚,同意拍摄,四川省,因家境贫困大学肄业的农村青年张大年返乡创业，竞选上村党支部书记，克服当地实际困难，运用互联网思维带领村民们有尊严的脱贫、可持续致富的故事。,2021-06-04,国家电影局关于2021年4月全国电影剧本（梗概）  备案、立项公示的通知-电影备案立项公示-国家电影局,http://www.chinafilm.gov.cn/chinafilm/utils/serviceContent.shtml?ID=56504,http://www.chinafilm.gov.cn/chinafilm/contents/167/3470.shtml
故事影片,影剧备字〔2021〕第1699号,机器，人,州轩众兹（成都）文化传媒有限公司,柯达,同意拍摄,四川省,“天子”因人类不接纳自己机器人的身份，迫切想要寻找变成人的办法，在经历了谎言、背叛后懂得了什么叫爱。在人类遭遇危机的时候，天子义无反顾的以“生命”保护了人类，最终收获了人类的爱，成为人类家庭的一份子。,2021-06-04,国家电影局关于2021年4月全国电影剧本（梗概）  备案、立项公示的通知-电影备案立项公示-国家电影局,http://www.chinafilm.gov.cn/chinafilm/utils/serviceContent.shtml?ID=56505,http://www.chinafilm.gov.cn/chinafilm/contents/167/3470.shtml
故事影片,影剧备字〔2021〕第1700号,一头蛮牛,州轩众兹（成都）文化传媒有限公司,孔祥如,同意拍摄,四川省,张牛夫妻对家庭和事业有了冲突，张牛冲动提出离婚。农村的养父母爱子心切为挽救两人婚姻，将张牛哄骗回乡闹出了一系列笑话。最终在养父母和村民的帮助下，他找到了归属，清晰了方向，与妻子返乡再创幸福生活。,2021-06-04,国家电影局关于2021年4月全国电影剧本（梗概）  备案、立项公示的通知-电影备案立项公示-国家电影局,http://www.chinafilm.gov.cn/chinafilm/utils/serviceContent.shtml?ID=56506,http://www.chinafilm.gov.cn/chinafilm/contents/167/3470.shtml
故事影片,影剧备字〔2021〕第1598号,达西的夏天,亨亨（天津）影视文化传播有限公司,周永瑶,同意拍摄,天津市,白族男孩达西揣着一张山里人从没见过的外币，到信用社去寻求真相，他带着这个信念，第一次独自走出大雪山，开启了一场奇幻旅程。,2021-06-04,国家电影局关于2021年4月全国电影剧本（梗概）  备案、立项公示的通知-电影备案立项公示-国家电影局,http://www.chinafilm.gov.cn/chinafilm/utils/serviceContent.shtml?ID=56507,http://www.chinafilm.gov.cn/chinafilm/contents/167/3470.shtml
故事影片,影剧备字〔2021〕第1677号,分身,美洋影视传媒（天津）有限公司,邵申申、王野,同意拍摄,天津市,男主明扬借分身帮自己承担生活中的困难和责任，自己却享受快乐和幸福！岂不知，没有苦难何来幸福？没有残缺何来珍惜？生活中的百种滋味本身是相辅相成，杂糅更迭。而亲情，友情，爱情才是永恒。活在当下，不忘初心！,2021-06-04,国家电影局关于2021年4月全国电影剧本（梗概）  备案、立项公示的通知-电影备案立项公示-国家电影局,http://www.chinafilm.gov.cn/chinafilm/utils/serviceContent.shtml?ID=56508,http://www.chinafilm.gov.cn/chinafilm/contents/167/3470.shtml
故事影片,影剧备字〔2021〕第1676号,冰上王子,天津对视影视传媒有限公司,李希强,同意拍摄,天津市,花样滑冰冠军李明鑫赢得“冰上王子”称号，却被魏华梁陷害。出狱后，他在杜淼等人的帮助下查明华梁集团贩毒模式。在冰球决赛中，李明鑫带队赢得冠军。之后，李明鑫协助警方，将毒贩们绳之以法。,2021-06-04,国家电影局关于2021年4月全国电影剧本（梗概）  备案、立项公示的通知-电影备案立项公示-国家电影局,http://www.chinafilm.gov.cn/chinafilm/utils/serviceContent.shtml?ID=56509,http://www.chinafilm.gov.cn/chinafilm/contents/167/3470.shtml
故事影片,影剧备字〔2021〕第1639号,无与伦比的爱,天津聚幕文化传播有限公司,王麒麟,同意拍摄,天津市,事业不顺的游戏设计师姜明，与功成名就的女友林淼由于感情危机，引发一场严重车祸。林淼为救姜明，接受医生建议，通过VR大脑治疗，用自己的记忆链接姜明大脑，从而开启了一段既离奇搞笑，又惊心动魄的爱情奇幻之旅,2021-06-04,国家电影局关于2021年4月全国电影剧本（梗概）  备案、立项公示的通知-电影备案立项公示-国家电影局,http://www.chinafilm.gov.cn/chinafilm/utils/serviceContent.shtml?ID=56510,http://www.chinafilm.gov.cn/chinafilm/contents/167/3470.shtml
故事影片,影剧备字〔2021〕第1496号,疆行如歌,新疆巴郎影业有限公司,王晓军,同意拍摄,新疆维吾尔自治区,电影《向西向西》讲述了一名在外漂流多年的北漂文艺青年，每次回到自己住处就会想起自己的亲人与家乡。当他回到家乡看见家乡发生了很大变化非常高兴，作为家乡的一分子也想为家乡出点力的故事。,2021-06-04,国家电影局关于2021年4月全国电影剧本（梗概）  备案、立项公示的通知-电影备案立项公示-国家电影局,http://www.chinafilm.gov.cn/chinafilm/utils/serviceContent.shtml?ID=56511,http://www.chinafilm.gov.cn/chinafilm/contents/167/3470.shtml
故事影片,影剧备字〔2021〕第1603号,女子高中,瑞丽市谦海文化传媒有限公司,杨薇薇,同意拍摄,云南省,几个家境贫寒的失学女生，一个身患绝症的严厉老师，在江边小城相遇。女孩子们虽然有着离开贫困生活的渴望，但学习基础薄弱，人生只有高考这一条出路。她们克服重重障碍，在大山深处创造出一个关于爱和教育的奇迹。,2021-06-04,国家电影局关于2021年4月全国电影剧本（梗概）  备案、立项公示的通知-电影备案立项公示-国家电影局,http://www.chinafilm.gov.cn/chinafilm/utils/serviceContent.shtml?ID=56512,http://www.chinafilm.gov.cn/chinafilm/contents/167/3470.shtml
故事影片,影剧备字〔2021〕第1604号,异鼠,云南华影世纪影视传媒有限公司,刘婉婷,同意拍摄,云南省,关昊宇作为“IL-15Ra”基因研究的负责人，为了阻止实验鼠集体变异，不惜与老板对抗，并带领研究基地人员奋力逃出危机......,2021-06-04,国家电影局关于2021年4月全国电影剧本（梗概）  备案、立项公示的通知-电影备案立项公示-国家电影局,http://www.chinafilm.gov.cn/chinafilm/utils/serviceContent.shtml?ID=56513,http://www.chinafilm.gov.cn/chinafilm/contents/167/3470.shtml
故事影片,影剧备字〔2021〕第1684号,最好的你，最坏的我,海宁盛夏影业有限公司,杨廷柱,同意拍摄,浙江省,怀揣音乐梦想的青年误入歧途，在人贩子的安排下，假扮成老师，以参加梦想秀为借口，把一个小女孩从西南大山里骗出，送去上海和中间人梅姐交易，由此开始了他第一次的“职业送货”之路，也踏上了他人生觉醒的旅途。,2021-06-04,国家电影局关于2021年4月全国电影剧本（梗概）  备案、立项公示的通知-电影备案立项公示-国家电影局,http://www.chinafilm.gov.cn/chinafilm/utils/serviceContent.shtml?ID=56514,http://www.chinafilm.gov.cn/chinafilm/contents/167/3470.shtml
故事影片,影剧备字〔2021〕第1486号,幸福的铁拳,杭州福力影视文化有限公司,黄娟娟,同意拍摄,浙江省,多年前庄天海的父亲死在了综合格斗擂台赛上，年少的他受到巨大打击，从此有了心理创伤。如今现实的压力让他再也无法逃避，只能去直面人生给予的挑战。最终他在残酷的格斗擂台上战胜了自己，也战胜了强大的对手。,2021-06-04,国家电影局关于2021年4月全国电影剧本（梗概）  备案、立项公示的通知-电影备案立项公示-国家电影局,http://www.chinafilm.gov.cn/chinafilm/utils/serviceContent.shtml?ID=56515,http://www.chinafilm.gov.cn/chinafilm/contents/167/3470.shtml
故事影片,影剧备字〔2021〕第1640号,草原灯塔,杭州和孚影业有限公司、甘肃中陇商联文化传媒有限公司、北京星秀童梦影视文化传媒有限公司,吕齐越,同意拍摄,浙江省,草原戈壁上四名警察的小派出所，管辖着省内最大的辖区面积。不同民族、背景、经历、心事的四人，克服艰苦和孤寂，在马背车轮上履行着平凡的日常勤务、抢险救灾和打击犯罪，并在关键时刻不惜献身，践行理想和信念。,2021-06-04,国家电影局关于2021年4月全国电影剧本（梗概）  备案、立项公示的通知-电影备案立项公示-国家电影局,http://www.chinafilm.gov.cn/chinafilm/utils/serviceContent.shtml?ID=56516,http://www.chinafilm.gov.cn/chinafilm/contents/167/3470.shtml
故事影片,影剧备字〔2021〕第1509号,破冰小将,嘉兴大颗文化传媒有限公司,刘华一,同意拍摄,浙江省,冰球天才少年童冰在丧母之后随父亲来到陌生的城市重新生活，14岁的他处在人生的当口，有许多难题正在等待他解决，而支撑他的，唯有对母亲的思念和对冰球运动的执着，最终，冰球少年在赛场上重拾了面对生活的勇气,2021-06-04,国家电影局关于2021年4月全国电影剧本（梗概）  备案、立项公示的通知-电影备案立项公示-国家电影局,http://www.chinafilm.gov.cn/chinafilm/utils/serviceContent.shtml?ID=56517,http://www.chinafilm.gov.cn/chinafilm/contents/167/3470.shtml
故事影片,影剧备字〔2021〕第1562号,秀山之恋,丽水广播电视集团有限公司,叶昕飞、刘晓丹、别清河,同意拍摄,浙江省,影片讲述了设计师叶少微接到了家乡纪念馆需要修缮的消息而回到了岱田村，意外与一同竞标的连阳城相遇相识。随着少微曾祖父留下的行军笔记重见天日。在生活与事业中备受考验的两个人相互扶持与鼓励最终突破了困境。,2021-06-04,国家电影局关于2021年4月全国电影剧本（梗概）  备案、立项公示的通知-电影备案立项公示-国家电影局,http://www.chinafilm.gov.cn/chinafilm/utils/serviceContent.shtml?ID=56518,http://www.chinafilm.gov.cn/chinafilm/contents/167/3470.shtml
故事影片,影剧备字〔2021〕第1516号,极速狂飙,宁波默默影视文化传播有限公司、安徽横亚影视传媒有限公司,张舵,同意拍摄,浙江省,影片讲述了出身平凡的五菱宏光司机王晓乐，通过自身努力赢得冠军证明自己的热血励志故事。表达了“人生中最重要的不是凯旋而归，而是奋力拼搏”的价值观，展现出亲情的可贵，传递了爱的能量，弘扬了真善美的力量。,2021-06-04,国家电影局关于2021年4月全国电影剧本（梗概）  备案、立项公示的通知-电影备案立项公示-国家电影局,http://www.chinafilm.gov.cn/chinafilm/utils/serviceContent.shtml?ID=56519,http://www.chinafilm.gov.cn/chinafilm/contents/167/3470.shtml
故事影片,影剧备字〔2021〕第1476号,播火人,宁波影视艺术有限责任公司,段越豪,同意拍摄,浙江省,真实再现宁波籍中共早期优秀党员张人亚短暂而又伟大的革命生涯；着力刻画张人亚始终忠诚于党、忠于人民、忠于信仰、为党的事业奋斗至最后一息的光辉形象；生动展示张人亚父子生死相托守护党的宝贵文献的感人事迹。,2021-06-04,国家电影局关于2021年4月全国电影剧本（梗概）  备案、立项公示的通知-电影备案立项公示-国家电影局,http://www.chinafilm.gov.cn/chinafilm/utils/serviceContent.shtml?ID=56520,http://www.chinafilm.gov.cn/chinafilm/contents/167/3470.shtml
故事影片,影剧备字〔2021〕第1720号,北京•江南,时光再现（杭州）影业有限公司,陈咏、杨雁雁,同意拍摄,浙江省,浙江农村青年孙大圣不远千里来到北京，在茫茫人海中，寻找一位素不相识叫江南的女孩，回浙江老家跟自己离婚的传奇爱情故事。,2021-06-04,国家电影局关于2021年4月全国电影剧本（梗概）  备案、立项公示的通知-电影备案立项公示-国家电影局,http://www.chinafilm.gov.cn/chinafilm/utils/serviceContent.shtml?ID=56521,http://www.chinafilm.gov.cn/chinafilm/contents/167/3470.shtml
故事影片,影剧备字〔2021〕第1477号,浙南儿女英雄传之热血长虹,温州天运纵横文化传播有限公司,施小琴,同意拍摄,浙江省,该电影塑造了少年叶一英13岁投身革命，15岁成为身负重任的共产党员，16岁被国民党抓捕，英勇牺牲的英烈形象。生动直观地展现了浙南儿女以崇高革命精神和视死如归的英雄气概，推动着中国革命不断走向胜利。,2021-06-04,国家电影局关于2021年4月全国电影剧本（梗概）  备案、立项公示的通知-电影备案立项公示-国家电影局,http://www.chinafilm.gov.cn/chinafilm/utils/serviceContent.shtml?ID=56522,http://www.chinafilm.gov.cn/chinafilm/contents/167/3470.shtml
故事影片,影剧备字〔2021〕第1506号,天意如刀,象山今艺麒凰影视文化有限公司,李新、周舟,同意拍摄,浙江省,江湖游侠陆燕归为了还义兄一个清白，只身寻找真相，却发现义兄最信任的部下叶盈盈竟是倭寇派来的奸细。他一边同其周旋，一边联络抗倭力量，在倭寇攻城计划即将成功时，一举将其击退，完成了义兄交付给他的使命……,2021-06-04,国家电影局关于2021年4月全国电影剧本（梗概）  备案、立项公示的通知-电影备案立项公示-国家电影局,http://www.chinafilm.gov.cn/chinafilm/utils/serviceContent.shtml?ID=56523,http://www.chinafilm.gov.cn/chinafilm/contents/167/3470.shtml
故事影片,影剧备字〔2021〕第1601号,雪残刀,象山今艺麒凰影视文化有限公司,刘永强、郝毅博,同意拍摄,浙江省,"1908年,清王朝已江河日下。以福王爷为首的贪官污吏，置国家安危于不顾，大肆贪腐，百姓怨声载道。以陈震久为首的革命党人，不畏强权与福王爷进行了艰苦卓绝的斗争，最终诛杀福王爷。",2021-06-04,国家电影局关于2021年4月全国电影剧本（梗概）  备案、立项公示的通知-电影备案立项公示-国家电影局,http://www.chinafilm.gov.cn/chinafilm/utils/serviceContent.shtml?ID=56524,http://www.chinafilm.gov.cn/chinafilm/contents/167/3470.shtml
故事影片,影剧备字〔2021〕第1657号,江南飞侠,象山今艺麒凰影视文化有限公司,夏忠,同意拍摄,浙江省,明成化年间，杭州丝绸商之女叶紫羽为报灭门血仇，潜居山中苦练功夫，邂逅被视为“大鸟怪”的小道士林一啸，两人“比翼”打败了勾结海盗、为害一方的“海魔王”孟鲸，写就了一段江南飞侠的传奇。,2021-06-04,国家电影局关于2021年4月全国电影剧本（梗概）  备案、立项公示的通知-电影备案立项公示-国家电影局,http://www.chinafilm.gov.cn/chinafilm/utils/serviceContent.shtml?ID=56525,http://www.chinafilm.gov.cn/chinafilm/contents/167/3470.shtml
故事影片,影剧备字〔2021〕第1485号,酒坊巷,浙江舜熙影业有限公司,胡毅萍、左百韬,同意拍摄,浙江省,电影讲述抗战时期，大批难民涌入金华，金华酒坊坊主、中共地下党员金朝暮以间谍身份守护家园，带领酒坊巷百姓与日寇、国民党反对派作斗争的故事。,2021-06-04,国家电影局关于2021年4月全国电影剧本（梗概）  备案、立项公示的通知-电影备案立项公示-国家电影局,http://www.chinafilm.gov.cn/chinafilm/utils/serviceContent.shtml?ID=56526,http://www.chinafilm.gov.cn/chinafilm/contents/167/3470.shtml
故事影片,影剧备字〔2021〕第1718号,洛水剑,浙江天谊影业有限公司,穆念霄,同意拍摄,浙江省,五毒教弟子欧阳潇，为了保护边关，历尽艰辛，期间相识少女明兰，却因二人身处两派，相爱不能相守，误解不断，但依然以家国大业为己任，坚守民族大义团结各派抵御天刀入侵，保护民族安全的故事。,2021-06-04,国家电影局关于2021年4月全国电影剧本（梗概）  备案、立项公示的通知-电影备案立项公示-国家电影局,http://www.chinafilm.gov.cn/chinafilm/utils/serviceContent.shtml?ID=56527,http://www.chinafilm.gov.cn/chinafilm/contents/167/3470.shtml
故事影片,影剧备字〔2021〕第1623号,玩命回忆,寰乐（重庆）影业股份有限公司,桑旭,同意拍摄,重庆市,讨债风波，破产老总与保安队长斗智斗勇；山城一夜，外卖小哥被卷进无妄之灾。保安、笨贼、女神、骑手、艺术家，在魔幻的重庆老楼内碰撞交撞；偷袭、乔装、错位、偶遇、营救，五方人马共演一出荒诞捧腹的喜剧,2021-06-04,国家电影局关于2021年4月全国电影剧本（梗概）  备案、立项公示的通知-电影备案立项公示-国家电影局,http://www.chinafilm.gov.cn/chinafilm/utils/serviceContent.shtml?ID=56528,http://www.chinafilm.gov.cn/chinafilm/contents/167/3470.shtml
故事影片,影剧备字〔2021〕第1524号,悟空之五行山下,悟道空间（重庆）影业有限公司,刘凯、邵伟,同意拍摄,重庆市,孙悟空因大闹天宫，而被镇压在五行山下。经过种种磨难，孙悟空终于意识到天地之间自有法则。并顿悟到对自我的放纵，最终带来的将是自我的毁灭。五百年后，夕阳之下，一僧一马正缓缓向五行山下而来……,2021-06-04,国家电影局关于2021年4月全国电影剧本（梗概）  备案、立项公示的通知-电影备案立项公示-国家电影局,http://www.chinafilm.gov.cn/chinafilm/utils/serviceContent.shtml?ID=56529,http://www.chinafilm.gov.cn/chinafilm/contents/167/3470.shtml
故事影片,影剧备字〔2021〕第1628号,何以阳光,重庆黑鲤鱼影视文化传媒有限公司,樊珲,同意拍摄,重庆市,肖宏生是搏击俱乐部的馆长，肖凯一直想和父亲学习搏击，但父亲一直阻止，肖凯报名参加了区里的搏击精英选拔赛，并获得了去市里参加比赛的资格，肖宏生成为肖凯的教练，帮助肖凯获得冠军。,2021-06-04,国家电影局关于2021年4月全国电影剧本（梗概）  备案、立项公示的通知-电影备案立项公示-国家电影局,http://www.chinafilm.gov.cn/chinafilm/utils/serviceContent.shtml?ID=56530,http://www.chinafilm.gov.cn/chinafilm/contents/167/3470.shtml
故事影片,影剧备字〔2021〕第1518号,冯店,重庆横撇竖捺影视文化有限责任公司,牟雄杰、邓单,同意拍摄,重庆市,悬疑作家卫津在收到一张无名人寄来的明信片后，踏上了一段寻求灵感的未知旅程。途中因为一场不明车祸，使卫津阴差阳错来到陌生小镇冯店，这个看似平静的小镇似乎处处充满了危机......,2021-06-04,国家电影局关于2021年4月全国电影剧本（梗概）  备案、立项公示的通知-电影备案立项公示-国家电影局,http://www.chinafilm.gov.cn/chinafilm/utils/serviceContent.shtml?ID=56531,http://www.chinafilm.gov.cn/chinafilm/contents/167/3470.shtml
故事影片,影剧备字〔2021〕第1654号,怒江边的找水人,重庆永尊影视文化有限公司、上海紫丁香影视投资有限公司,孙家佳,同意拍摄,重庆市,保山市潞江坝一直以来，由于地势倾斜，坝底的怒江水无法引到村里用于农业发展，这就是故事主人公余林富一辈子的心病，一辈子生活在怒江边，却一辈子为了带领乡亲植树致富，忙于找水，水是他一辈子的梦想主题。,2021-06-04,国家电影局关于2021年4月全国电影剧本（梗概）  备案、立项公示的通知-电影备案立项公示-国家电影局,http://www.chinafilm.gov.cn/chinafilm/utils/serviceContent.shtml?ID=56532,http://www.chinafilm.gov.cn/chinafilm/contents/167/3470.shtml
动画影片,影动备字〔2021〕第053号,茶啊二中,北京光线影业有限公司、吉林省凝羽动画有限公司,茶啊二中,同意拍摄,北京市,初二三班最调皮的“差生”王强和“严格班主任”石妙娜意外的互换了身体，压迫已久的王强过了一把当班主任的瘾，石妙娜也体会到了做“差生”的滋味。石妙娜的公开课比赛日期临近，二人急需找到换回身体的方法。,2021-06-04,国家电影局关于2021年4月全国电影剧本（梗概）  备案、立项公示的通知-电影备案立项公示-国家电影局,http://www.chinafilm.gov.cn/chinafilm/utils/serviceContent.shtml?ID=56533,http://www.chinafilm.gov.cn/chinafilm/contents/167/3470.shtml
动画影片,影动备字〔2021〕第058号,车手·终点线,广州市华友影视文化有限公司,陈晨,同意拍摄,广东省,天才车手凌凭借超高天赋成为赛车场上一颗新星，但他却不单满足比赛场上的风靡，做了许多不被亲朋好友所理解的“错事”，备受打击后又决意放弃。“车王”争夺赛即将开始，凌决定通过这场比赛证明自己。,2021-06-04,国家电影局关于2021年4月全国电影剧本（梗概）  备案、立项公示的通知-电影备案立项公示-国家电影局,http://www.chinafilm.gov.cn/chinafilm/utils/serviceContent.shtml?ID=56534,http://www.chinafilm.gov.cn/chinafilm/contents/167/3470.shtml
动画影片,影动备字〔2021〕第061号,星际之战,广州易动文化传播有限公司,袁志强,同意拍摄,广东省,代号名叫杨坚、雷鸣、机器姬的三名宇宙罪犯，为了获得减刑离开地球，不得不设法合作阻止了一个把地球毁掉，改变成超级宇宙兵器的计划。最终获得离开地球准许的他们，却选择把地球当作自己的家来守护。,2021-06-04,国家电影局关于2021年4月全国电影剧本（梗概）  备案、立项公示的通知-电影备案立项公示-国家电影局,http://www.chinafilm.gov.cn/chinafilm/utils/serviceContent.shtml?ID=56535,http://www.chinafilm.gov.cn/chinafilm/contents/167/3470.shtml
动画影片,影动备字〔2021〕第056号,星际快递,南京楚门数字科技有限公司,徐一然,同意拍摄,江苏省,男孩为去外星球追求美好生活，无意中出卖了父亲得到船票，离开了地球去妙乐星，却卷入外星大亨贩卖人口的阴谋。意外闯入半路星，在伙伴的帮助下，他来到妙乐星救出父亲和被奴役的人类，带领他们回到地球重建家园。,2021-06-04,国家电影局关于2021年4月全国电影剧本（梗概）  备案、立项公示的通知-电影备案立项公示-国家电影局,http://www.chinafilm.gov.cn/chinafilm/utils/serviceContent.shtml?ID=56536,http://www.chinafilm.gov.cn/chinafilm/contents/167/3470.shtml
动画影片,影动备字〔2021〕第059号,关于她的一切,西安全视角影视有限公司,刘晓光,同意拍摄,陕西省,几只兔子目睹了一桩以悲剧结束的错误婚姻。虽然他们不能改写历史，但是他们却想方设法让时间来到一个特定的时刻。在那一时刻让原本相爱的一对儿有机会在悲剧发生前将对彼此的爱意表达出来。,2021-06-04,国家电影局关于2021年4月全国电影剧本（梗概）  备案、立项公示的通知-电影备案立项公示-国家电影局,http://www.chinafilm.gov.cn/chinafilm/utils/serviceContent.shtml?ID=56537,http://www.chinafilm.gov.cn/chinafilm/contents/167/3470.shtml
动画影片,影动备字〔2021〕第060号,凯利和超级可乐,上海凯利育沛文化传播有限公司,王岐,同意拍摄,上海市,作为玩具达人而备受喜爱的凯利，转眼间已经十一岁了。一天夜里，不明宇宙生命体潜入到凯利的玩具小狗“可乐”身上，让凯利的生活发生了翻天覆地的变化。凯利和朋友们与具有超能力的“可乐”并肩作战保卫家。,2021-06-04,国家电影局关于2021年4月全国电影剧本（梗概）  备案、立项公示的通知-电影备案立项公示-国家电影局,http://www.chinafilm.gov.cn/chinafilm/utils/serviceContent.shtml?ID=56538,http://www.chinafilm.gov.cn/chinafilm/contents/167/3470.shtml
动画影片,影动备字〔2021〕第044号,犬王麦穗,杭州造梦时空影业有限公司,任书檀、汤姆,同意拍摄,浙江省,青藏高原雪山深处，喜玛拉雅野犬麦穗与姐姐幻影的出生应验了“十犬一獒”这一古老而又神秘的传说，开启了麦穗和小男孩帕帕康的成长、历险故事。,2021-06-04,国家电影局关于2021年4月全国电影剧本（梗概）  备案、立项公示的通知-电影备案立项公示-国家电影局,http://www.chinafilm.gov.cn/chinafilm/utils/serviceContent.shtml?ID=56539,http://www.chinafilm.gov.cn/chinafilm/contents/167/3470.shtml
动画影片,影动备字〔2021〕第057号,西游记之真假美猴王,横店影视制作有限公司、苏州米粒数字科技有限公司,魏春格,同意拍摄,浙江省,故事讲述了唐僧师徒四人去西天取经途中，悟空偶遇五百年前同自己一起“大闹天宫”的兄弟六耳。六耳希望悟空为当年一战复仇，这使悟空陷入了两难的境地。两人的矛盾愈演愈烈，而这背后似乎隐藏着更大的阴谋。,2021-06-04,国家电影局关于2021年4月全国电影剧本（梗概）  备案、立项公示的通知-电影备案立项公示-国家电影局,http://www.chinafilm.gov.cn/chinafilm/utils/serviceContent.shtml?ID=56540,http://www.chinafilm.gov.cn/chinafilm/contents/167/3470.shtml
动画影片,影动备字〔2021〕第055号,寻仙记之干将莫邪,湖州莫客影视文化有限公司、安徽卡其数字科技有限公司,张英江,同意拍摄,浙江省,时逢莫仙骷祸害欺压世人，云飞在探寻身世之谜时拜入莫仙宫门下对抗莫仙骷，并发现自己是干将莫邪神剑之子转世，而母亲莫邪魂魄已经被莫仙骷拘禁了千年。云飞最终战胜了莫仙骷，解救了母亲，为世人除害。,2021-06-04,国家电影局关于2021年4月全国电影剧本（梗概）  备案、立项公示的通知-电影备案立项公示-国家电影局,http://www.chinafilm.gov.cn/chinafilm/utils/serviceContent.shtml?ID=56541,http://www.chinafilm.gov.cn/chinafilm/contents/167/3470.shtml
动画影片,影动备字〔2021〕第054号,舒克贝塔之五角飞碟,浙江东阳海童影视文化有限公司、天津猫眼微影文化传媒有限公司,彭可欣,同意拍摄,浙江省,舒克贝塔从双子星回到地球，此时地球已是2033年，魔方市发生了翻天覆地的变化。他们遇到了利，意外闯入了一场精心策划的偷盗骗局。为了拯救老鼠和人类社会，舒克、贝塔和利展开了一场惊心动魄的营救计划……,2021-06-04,国家电影局关于2021年4月全国电影剧本（梗概）  备案、立项公示的通知-电影备案立项公示-国家电影局,http://www.chinafilm.gov.cn/chinafilm/utils/serviceContent.shtml?ID=56542,http://www.chinafilm.gov.cn/chinafilm/contents/167/3470.shtml
纪录影片,影纪备字〔2021〕第943号,为民而歌的党员——刘策奇,爱微笑文化传媒（北京）有限公司,王奉才,同意拍摄,北京市,上世纪二十年代，中华大地内忧外患，党员刘策奇忧国忧民，以歌谣为武器，坚定的同社会不公和反动势力抗争。他在被捕后临危不惧、视死如归，为党的事业献出宝贵生命，成为令人敬仰的革命烈士。,2021-06-04,国家电影局关于2021年4月全国电影剧本（梗概）  备案、立项公示的通知-电影备案立项公示-国家电影局,http://www.chinafilm.gov.cn/chinafilm/utils/serviceContent.shtml?ID=56543,http://www.chinafilm.gov.cn/chinafilm/contents/167/3470.shtml
纪录影片,影纪备字〔2021〕第942号,时间的映像,北京汉唐时代影视文化传播有限公司,王钰翔,同意拍摄,北京市,这是一部用音乐讲述的有关人文自然的纪录片，同时也是对于大自然及万物生灵的敬畏及拷問，带给我們对于宇宙万物变迁的深深沉思…,2021-06-04,国家电影局关于2021年4月全国电影剧本（梗概）  备案、立项公示的通知-电影备案立项公示-国家电影局,http://www.chinafilm.gov.cn/chinafilm/utils/serviceContent.shtml?ID=56544,http://www.chinafilm.gov.cn/chinafilm/contents/167/3470.shtml
纪录影片,影纪备字〔2021〕第938号,书圣—王羲之,北京吉祥九鑫文化发展有限公司,许金华,同意拍摄,北京市,《兰亭序》全文28行、324字，字字精妙，通篇点画犹如舞蹈，被历代书界奉为极品。后世学习行书之人，都会倾心于兰亭不能自拔，赞叹王羲之出神入化的书法技艺和文采。,2021-06-04,国家电影局关于2021年4月全国电影剧本（梗概）  备案、立项公示的通知-电影备案立项公示-国家电影局,http://www.chinafilm.gov.cn/chinafilm/utils/serviceContent.shtml?ID=56545,http://www.chinafilm.gov.cn/chinafilm/contents/167/3470.shtml
纪录影片,影纪备字〔2021〕第944号,漆望·希望,北京俊博华晨影视文化传媒有限公司、北京极光映像传媒有限公司,杨飞、张强,同意拍摄,北京市,中国是世界漆艺的鼻祖国，其食用、使用生漆的历史久远，该片以真实记录的方式梳理我国生漆、漆艺发展简史，揭示当代理解误区，展望美好未来，以期激发中华漆文化自信，催生传承、保护漆文化自觉，实现民族文化自强。,2021-06-04,国家电影局关于2021年4月全国电影剧本（梗概）  备案、立项公示的通知-电影备案立项公示-国家电影局,http://www.chinafilm.gov.cn/chinafilm/utils/serviceContent.shtml?ID=56546,http://www.chinafilm.gov.cn/chinafilm/contents/167/3470.shtml
纪录影片,影纪备字〔2021〕第936号,外婆的夏天,北京一切影视文化艺术有限公司,黄钟琪、王崑琳,同意拍摄,北京市,外婆前几年的夏天总会像候鸟一样飞去北京看小孙子，但今年家里面发生了很多事情，是和小孙子一起度过又一个天伦之乐的夏天还是另有打算，她将如何选择…,2021-06-04,国家电影局关于2021年4月全国电影剧本（梗概）  备案、立项公示的通知-电影备案立项公示-国家电影局,http://www.chinafilm.gov.cn/chinafilm/utils/serviceContent.shtml?ID=56547,http://www.chinafilm.gov.cn/chinafilm/contents/167/3470.shtml
纪录影片,影纪备字〔2021〕第945号,楼,镀金（北京）影视文化传媒投资有限公司,睢安奇,同意拍摄,北京市,在世界上规模最大、速度最快的城镇化进程中，如何让古老建筑留住乡愁、延续文脉，焕发新的活力，是城市建设的重要议题。本片讲述了北京、上海、广州等地的相关实践，探讨城市发展中历史建筑的保护和利用之道。,2021-06-04,国家电影局关于2021年4月全国电影剧本（梗概）  备案、立项公示的通知-电影备案立项公示-国家电影局,http://www.chinafilm.gov.cn/chinafilm/utils/serviceContent.shtml?ID=56548,http://www.chinafilm.gov.cn/chinafilm/contents/167/3470.shtml
纪录影片,影纪备字〔2021〕第946号,我们正年轻,深圳广播电影电视集团、深圳广电影视股份有限公司,程工,同意拍摄,广东省,该片通过对深圳的帆船少年、创业青年、古城改造建设者、伶仃岛生态维护者、关爱老人工作者等人物工作和生活的生动记录，展现深圳改革开放的城市魅力，诠释新深圳精神。,2021-06-04,国家电影局关于2021年4月全国电影剧本（梗概）  备案、立项公示的通知-电影备案立项公示-国家电影局,http://www.chinafilm.gov.cn/chinafilm/utils/serviceContent.shtml?ID=56549,http://www.chinafilm.gov.cn/chinafilm/contents/167/3470.shtml
纪录影片,影纪备字〔2021〕第939号,愚公移房,桂林爱派文化传播有限公司,蒋君君,同意拍摄,广西壮族自治区,古稀老人唐以金用自己的毕生积蓄，耗费十数年，把一片荒地变成桂北古民居群落。无人支持，困难重重，他却义无反顾，执着前行！,2021-06-04,国家电影局关于2021年4月全国电影剧本（梗概）  备案、立项公示的通知-电影备案立项公示-国家电影局,http://www.chinafilm.gov.cn/chinafilm/utils/serviceContent.shtml?ID=56550,http://www.chinafilm.gov.cn/chinafilm/contents/167/3470.shtml
纪录影片,影重备字〔2021〕第003号,一大代表何叔衡,湖南潇影第二影业有限公司,杨琴,同意拍摄,直备,讲述“一大”代表何叔衡从清末秀才转变成求新学的37岁的“老”学生，和毛泽东成为相差17岁的忘年交；45岁成为年纪最大的“一大”代表，54岁参与共和国初期法制建设，59岁为苏维埃流最后一滴血的革命一生。,2021-06-04,国家电影局关于2021年4月全国电影剧本（梗概）  备案、立项公示的通知-电影备案立项公示-国家电影局,http://www.chinafilm.gov.cn/chinafilm/utils/serviceContent.shtml?ID=56551,http://www.chinafilm.gov.cn/chinafilm/contents/167/3470.shtml
纪录影片,影重备字〔2021〕第005号,东北战场的抉择——七道江会议,吉林广播电视台、白山市天一影视传媒有限公司,金昌国,同意拍摄,直备,1946年国民党部队凭借着兵力武器的巨大优势，占据了沈阳、长春、锦州、四平等大城市，我军部队主力退入临江长白山一带，是走是留面临着生死诀择，七道江会议决定坚持南满，使东北整个战场由战略防御走向战略反攻,2021-06-04,国家电影局关于2021年4月全国电影剧本（梗概）  备案、立项公示的通知-电影备案立项公示-国家电影局,http://www.chinafilm.gov.cn/chinafilm/utils/serviceContent.shtml?ID=56552,http://www.chinafilm.gov.cn/chinafilm/contents/167/3470.shtml
纪录影片,影纪备字〔2021〕第941号,又是一年苹果红,栖霞市金瓜子文化艺术交流有限公司,孙林慧、刘倩倩、侯亚利,同意拍摄,山东省,从冬季修剪保养开始，历时一年跟踪记录苹果种植户的真实生活，讲述了苹果从生长到成熟再到市场流通的全过程，并穿插介绍苹果的栽种培育技术，是一部展现果农生产苹果、享受国家富民政策、通过苹果致富的纪录片,2021-06-04,国家电影局关于2021年4月全国电影剧本（梗概）  备案、立项公示的通知-电影备案立项公示-国家电影局,http://www.chinafilm.gov.cn/chinafilm/utils/serviceContent.shtml?ID=56553,http://www.chinafilm.gov.cn/chinafilm/contents/167/3470.shtml
纪录影片,影纪备字〔2021〕第947号,就是要跑,麦颂影视投资（上海）有限公司,孙戈霆,同意拍摄,上海市,故事发生在内蒙古根河市一体校里，如师如父的教练刘斯卫用自己的方式，培养出毕凤阳、杨博文等优秀的长跑运动员。运动员们相互扶持也相互竞争，当他们历尽艰辛与伤病折磨，最终走上梦寐以求的赛场时，意外却发生了。,2021-06-04,国家电影局关于2021年4月全国电影剧本（梗概）  备案、立项公示的通知-电影备案立项公示-国家电影局,http://www.chinafilm.gov.cn/chinafilm/utils/serviceContent.shtml?ID=56554,http://www.chinafilm.gov.cn/chinafilm/contents/167/3470.shtml
纪录影片,影纪备字〔2021〕第937号,成为大师,上海振艺影视文化工作室,赵林,同意拍摄,上海市,富有的中国需让文化自信起来精神富有起来。于是出现了新一代的崛起，他们是高端的不被大众欣赏的高层面艺术家。统称原创艺术家。2020年疫情爆发，这些原创艺术家的生意遭到了影响而这并未让他们停下创造美的脚步,2021-06-04,国家电影局关于2021年4月全国电影剧本（梗概）  备案、立项公示的通知-电影备案立项公示-国家电影局,http://www.chinafilm.gov.cn/chinafilm/utils/serviceContent.shtml?ID=56555,http://www.chinafilm.gov.cn/chinafilm/contents/167/3470.shtml
纪录影片,影纪备字〔2021〕第940号,唐先生,南影（杭州）影视文化传媒有限公司,苏夏,同意拍摄,浙江省,桃花坞是兰溪老城中一个充满古韵风情的地方，弯曲延伸的神秘弄堂，粉墙黛瓦的古屋老宅，沿山坡而上的陡峭台阶，无一不让人神向往之。对于老兰溪人，深藏于心底有关桃花坞的回忆，也被这简洁的黑白线条给牵引出来。,2021-06-04,国家电影局关于2021年4月全国电影剧本（梗概）  备案、立项公示的通知-电影备案立项公示-国家电影局,http://www.chinafilm.gov.cn/chinafilm/utils/serviceContent.shtml?ID=56556,http://www.chinafilm.gov.cn/chinafilm/contents/167/3470.shtml
科教影片,影科备字〔2021〕第030号,过度使用手机十大危害的防范,猎海数字电影院线（北京）有限公司,李鸿艺,同意拍摄,北京市,手机为人类提供便利，但手机的过度使用也给人们的日常生活带来危害，比如健康问题、人际关系问题甚至生命安全问题，本片通过一个三口之家与手机关系的事例给观众以提示。,2021-06-04,国家电影局关于2021年4月全国电影剧本（梗概）  备案、立项公示的通知-电影备案立项公示-国家电影局,http://www.chinafilm.gov.cn/chinafilm/utils/serviceContent.shtml?ID=56557,http://www.chinafilm.gov.cn/chinafilm/contents/167/3470.shtml
科教影片,影科备字〔2021〕第031号,家和万事兴之家庭教育,山东繁耀文化传媒有限公司,王鸿铭,同意拍摄,山东省,家和万事兴。家庭，作为生命的起点，是每个人吸收养分的开始，也是成长的第一空间。家庭教育是终身性的教育，本片讲述了如何进行科学的家庭教育，培养孩子全面发展。,2021-06-04,国家电影局关于2021年4月全国电影剧本（梗概）  备案、立项公示的通知-电影备案立项公示-国家电影局,http://www.chinafilm.gov.cn/chinafilm/utils/serviceContent.shtml?ID=56558,http://www.chinafilm.gov.cn/chinafilm/contents/167/3470.shtml
科教影片,影科备字〔2021〕第032号,家和万事兴之家风建设,山东繁耀文化传媒有限公司,王鸿铭,同意拍摄,山东省,我国自古以来非常注重家庭及家庭教育，中国文明能绵延不绝、一以贯之，很大程度上就是依靠家庭观念的支撑与支持。“家规、家训与家风”是中国传统家庭文化的精髓，是家庭教育最基本的形式。,2021-06-04,国家电影局关于2021年4月全国电影剧本（梗概）  备案、立项公示的通知-电影备案立项公示-国家电影局,http://www.chinafilm.gov.cn/chinafilm/utils/serviceContent.shtml?ID=56559,http://www.chinafilm.gov.cn/chinafilm/contents/167/3470.shtml
科教影片,影科备字〔2021〕第033号,网络沉迷与健康生活,山东萌狮影业有限公司,李健,同意拍摄,山东省,随着互联网发展和计算机、手机等智能设备普及，网络已成为日常生活不可或缺的组成部分，然而有很多人却沉迷网络空间、远离现实生活，本片通过小故事科学的指出沉迷网络的成因、危害，倡导健康积极的生活。,2021-06-04,国家电影局关于2021年4月全国电影剧本（梗概）  备案、立项公示的通知-电影备案立项公示-国家电影局,http://www.chinafilm.gov.cn/chinafilm/utils/serviceContent.shtml?ID=56560,http://www.chinafilm.gov.cn/chinafilm/contents/167/3470.shtml
科教影片,影科备字〔2021〕第029号,公筷公勺—健康新风尚,杭州电影有限公司,王小燕,同意拍摄,浙江省,通过讲述一个发生在当代新农村“幸福村”里的小故事，向广大农村百姓提倡文明用餐、使用“公筷公勺”的必要性，传播21世纪的健康卫生新风尚。,2021-06-04,国家电影局关于2021年4月全国电影剧本（梗概）  备案、立项公示的通知-电影备案立项公示-国家电影局,http://www.chinafilm.gov.cn/chinafilm/utils/serviceContent.shtml?ID=56561,http://www.chinafilm.gov.cn/chinafilm/contents/167/3470.shtml
特种影片,影特备字〔2021〕第007号,火星使命,中国科学技术馆,松太加、明国升,同意拍摄,直备,该影片着力向公众介绍中国航天员在选拔、培养、训练和执行任务过程中的精彩故事、感人事迹，展示航天科技成果，表现科研工作者严禁求实的态度，彰显航天精神和爱国情怀，激励广大民众树立中国梦航天梦。,2021-06-04,国家电影局关于2021年4月全国电影剧本（梗概）  备案、立项公示的通知-电影备案立项公示-国家电影局,http://www.chinafilm.gov.cn/chinafilm/utils/serviceContent.shtml?ID=56562,http://www.chinafilm.gov.cn/chinafilm/contents/167/3470.shtml
合拍影片,影合立字〔2019〕第73号,渊野边,响想时代娱乐文化传媒（北京）有限公司、华策影业（天津）有限公司,李亘,同意拍摄,北京市,李小李来到东京交换留学，在餐馆打工时，和生活在底层的同乡人和本地人接触，发现大家各有各的隐忍和痛，却和他从陌生到熟悉，交换温暖和善意。当李小李离开这里时，发现因为他，大家生活都发生了或大或小的变化。,2021-06-04,国家电影局关于2021年4月全国电影剧本（梗概）  备案、立项公示的通知-电影备案立项公示-国家电影局,http://www.chinafilm.gov.cn/chinafilm/utils/serviceContent.shtml?ID=56563,http://www.chinafilm.gov.cn/chinafilm/contents/167/3470.shtml
