公示批次链接,名称缩减
http://www.chinafilm.gov.cn/chinafilm/contents/167/3518.shtml,国家电影局关于2021年5月全国电影剧本（梗概）备案、立项公示...
http://www.chinafilm.gov.cn/chinafilm/contents/167/3470.shtml,国家电影局关于2021年4月全国电影剧本（梗概）备案、立项公示...
http://www.chinafilm.gov.cn/chinafilm/contents/167/3415.shtml,国家电影局关于2021年3月全国电影剧本（梗概）备案、立项公示...
http://www.chinafilm.gov.cn/chinafilm/contents/167/3376.shtml,国家电影局关于2021年2月全国电影剧本（梗概）备案、立项公示...
http://www.chinafilm.gov.cn/chinafilm/contents/167/3357.shtml,国家电影局关于2021年1月全国电影剧本（梗概）备案、立项公示...
http://www.chinafilm.gov.cn/chinafilm/contents/167/2842.shtml,国家电影局关于2020年12月全国电影剧本（梗概）备案、立项公示...
http://www.chinafilm.gov.cn/chinafilm/contents/167/2826.shtml,国家电影局关于2020年11月全国电影剧本（梗概）备案、立项公示...
http://www.chinafilm.gov.cn/chinafilm/contents/167/2821.shtml,国家电影局关于2020年10月全国电影剧本（梗概）备案、立项公示...
http://www.chinafilm.gov.cn/chinafilm/contents/167/2807.shtml,国家电影局关于2020年9月全国电影剧本（梗概） 备案、立项公示...
http://www.chinafilm.gov.cn/chinafilm/contents/167/2800.shtml,国家电影局关于2020年8月全国电影剧本（梗概）备案、立项公示...
http://www.chinafilm.gov.cn/chinafilm/contents/167/2785.shtml,国家电影局关于2020年7月全国电影剧本（梗概）备案、立项公示...
http://www.chinafilm.gov.cn/chinafilm/contents/167/2761.shtml,国家电影局关于2020年6月全国电影剧本（梗概）备案、立项公示...
http://www.chinafilm.gov.cn/chinafilm/contents/167/2664.shtml,国家电影局关于2020年5月全国电影剧本（梗概）备案、立项公示...
http://www.chinafilm.gov.cn/chinafilm/contents/167/2621.shtml,国家电影局关于2020年4月全国电影剧本（梗概）备案、立项公示...
http://www.chinafilm.gov.cn/chinafilm/contents/167/2540.shtml,国家电影局关于2020年3月全国电影剧本（梗概）备案、立项公示...
http://www.chinafilm.gov.cn/chinafilm/contents/167/2539.shtml,国家电影局关于2020年1月下、2月全国电影剧本（梗概）备案、立...
http://www.chinafilm.gov.cn/chinafilm/contents/167/2399.shtml,国家电影局关于2020年1月（上旬、中旬）全国电影剧本（梗概）备...
http://www.chinafilm.gov.cn/chinafilm/contents/167/2375.shtml,国家电影局关于2019年12月（中旬、下旬）全国电影剧本（梗概）备...
http://www.chinafilm.gov.cn/chinafilm/contents/167/2324.shtml,国家电影局关于2019年11月（下旬）、12月（上旬）全国电影剧本（...
http://www.chinafilm.gov.cn/chinafilm/contents/167/2286.shtml,国家电影局关于2019年11月（上、中旬）全国电影剧本（梗概）备案...
http://www.chinafilm.gov.cn/chinafilm/contents/167/2285.shtml,国家电影局关于2019年10月（中旬、下旬）全国电影剧本（梗概）备...
http://www.chinafilm.gov.cn/chinafilm/contents/167/2279.shtml,国家电影局关于2019年09月（下旬）10月（上旬）全国电影剧本（梗...
http://www.chinafilm.gov.cn/chinafilm/contents/167/2278.shtml,国家电影局关于2019年09月（上旬、中旬）全国电影剧本（梗概）备...
http://www.chinafilm.gov.cn/chinafilm/contents/167/2207.shtml,国家电影局关于2019年08月（下旬）全国电影剧本（梗概）备案、立...
http://www.chinafilm.gov.cn/chinafilm/contents/167/2180.shtml,国家电影局关于2019年08月（中旬）全国电影剧本（梗概）备案、立...
http://www.chinafilm.gov.cn/chinafilm/contents/167/1731.shtml,国家电影局关于2019年08月（上旬）全国电影剧本（梗概）备案、立...
http://www.chinafilm.gov.cn/chinafilm/contents/167/1582.shtml,国家电影局关于2019年07月（下旬）全国电影剧本（梗概）备案、立...
http://www.chinafilm.gov.cn/chinafilm/contents/167/1426.shtml,国家电影局关于2019年07月（中旬）全国电影剧本（梗概）备案、立...
http://www.chinafilm.gov.cn/chinafilm/contents/167/1425.shtml,国家电影局关于2019年07月（上旬）全国电影剧本（梗概）备案、立...
http://www.chinafilm.gov.cn/chinafilm/contents/167/1255.shtml,国家电影局关于2019年06月（下旬）全国电影剧本（梗概）备案、立...
http://www.chinafilm.gov.cn/chinafilm/contents/167/1258.shtml,国家电影局关于2019年06月（中旬）全国电影剧本（梗概）备案、立...
http://www.chinafilm.gov.cn/chinafilm/contents/167/1259.shtml,国家电影局关于2019年06月（上旬）全国电影剧本（梗概）备案、立...
http://www.chinafilm.gov.cn/chinafilm/contents/167/870.shtml,国家电影局关于2019年05月（下旬）全国电影剧本（梗概）备案、立...
http://www.chinafilm.gov.cn/chinafilm/contents/167/869.shtml,国家电影局关于2019年05月（中旬）全国电影剧本（梗概）备案、立...
http://www.chinafilm.gov.cn/chinafilm/contents/167/868.shtml,国家电影局关于2019年05月（上旬）全国电影剧本（梗概）备案、立...
http://www.chinafilm.gov.cn/chinafilm/contents/167/867.shtml,国家电影局关于2019年04月（下旬）全国电影剧本（梗概）备案、立...
http://www.chinafilm.gov.cn/chinafilm/contents/167/866.shtml,国家电影局关于2019年04月（中旬）全国电影剧本（梗概）备案、立...
http://www.chinafilm.gov.cn/chinafilm/contents/167/865.shtml,国家电影局关于2019年04月（上旬）全国电影剧本（梗概）备案、立...
http://www.chinafilm.gov.cn/chinafilm/contents/167/1260.shtml,国家电影局关于2019年03月（下旬）全国电影剧本（梗概）备案、立...
http://www.chinafilm.gov.cn/chinafilm/contents/167/1261.shtml,国家电影局关于2019年03月（中旬）全国电影剧本（梗概）备案、立...
http://www.chinafilm.gov.cn/chinafilm/contents/167/1262.shtml,国家电影局关于2019年03月（上旬）全国电影剧本（梗概）备案、立...
http://www.chinafilm.gov.cn/chinafilm/contents/167/1263.shtml,国家电影局关于2019年02月（下旬）全国电影剧本（梗概）备案、立...
http://www.chinafilm.gov.cn/chinafilm/contents/167/1264.shtml,国家电影局关于2019年02月（中旬）全国电影剧本（梗概）备案、立...
http://www.chinafilm.gov.cn/chinafilm/contents/167/1265.shtml,国家电影局关于2019年01月（下旬）、02月（上旬）全国电影剧本（...
http://www.chinafilm.gov.cn/chinafilm/contents/167/1266.shtml,国家电影局关于2019年01月（中旬）全国电影剧本（梗概）备案、立...
http://www.chinafilm.gov.cn/chinafilm/contents/167/1267.shtml,国家电影局关于2019年01月（上旬）全国电影剧本（梗概）备案、立...
http://www.chinafilm.gov.cn/chinafilm/contents/167/2888.shtml,国家电影局关于2018年12月（下旬）全国电影剧本（梗概）备案、...
http://www.chinafilm.gov.cn/chinafilm/contents/167/2889.shtml,国家电影局关于2018年12月（中旬）全国电影剧本（梗概）备案、...
http://www.chinafilm.gov.cn/chinafilm/contents/167/2890.shtml,国家电影局关于2018年12月（上旬）全国电影剧本（梗概）备案、...
http://www.chinafilm.gov.cn/chinafilm/contents/167/2891.shtml,国家电影局关于2018年11月（下旬）全国电影剧本（梗概）备案、...
http://www.chinafilm.gov.cn/chinafilm/contents/167/2892.shtml,国家电影局关于2018年11月（中旬）全国电影剧本（梗概）备案、...
http://www.chinafilm.gov.cn/chinafilm/contents/167/2893.shtml,国家电影局关于2018年11月（上旬）全国电影剧本（梗概）备案、...
http://www.chinafilm.gov.cn/chinafilm/contents/167/2894.shtml,国家电影局关于2018年10月（下旬）全国电影剧本（梗概）备案、...
http://www.chinafilm.gov.cn/chinafilm/contents/167/2895.shtml,国家电影局关于2018年10月（上旬、中旬）全国电影剧本（梗概）...
http://www.chinafilm.gov.cn/chinafilm/contents/167/2896.shtml,国家电影局关于2018年09月（下旬）全国电影剧本（梗概）备案、...
http://www.chinafilm.gov.cn/chinafilm/contents/167/2897.shtml,国家电影局关于2018年09月（中旬）全国电影剧本（梗概）备案、...
http://www.chinafilm.gov.cn/chinafilm/contents/167/2898.shtml,国家电影局关于2018年09月（上旬）全国电影剧本（梗概）备案、...
http://www.chinafilm.gov.cn/chinafilm/contents/167/2899.shtml,国家电影局关于2018年08月（下旬）全国电影剧本（梗概）备案、...
http://www.chinafilm.gov.cn/chinafilm/contents/167/2900.shtml,国家电影局关于2018年08月（中旬）全国电影剧本（梗概）备案、...
http://www.chinafilm.gov.cn/chinafilm/contents/167/2901.shtml,国家电影局关于2018年08月（上旬）全国电影剧本（梗概）备案、...
http://www.chinafilm.gov.cn/chinafilm/contents/167/2902.shtml,国家电影局关于2018年07月（下旬）全国电影剧本（梗概）备案、...
http://www.chinafilm.gov.cn/chinafilm/contents/167/2903.shtml,国家电影局关于2018年07月（中旬）全国电影剧本（梗概）备案、...
http://www.chinafilm.gov.cn/chinafilm/contents/167/2904.shtml,国家电影局关于2018年07月（上旬）全国电影剧本（梗概）备案、...
http://www.chinafilm.gov.cn/chinafilm/contents/167/2905.shtml,国家电影局关于2018年06月（下旬）全国电影剧本（梗概）备案、...
http://www.chinafilm.gov.cn/chinafilm/contents/167/2906.shtml,国家电影局关于2018年06月（中旬）全国电影剧本（梗概）备案、...
http://www.chinafilm.gov.cn/chinafilm/contents/167/2907.shtml,国家电影局关于2018年06月（上旬）全国电影剧本（梗概）备案、...
http://www.chinafilm.gov.cn/chinafilm/contents/167/2908.shtml,国家电影局关于2018年05月（下旬）全国电影剧本（梗概）备案、...
http://www.chinafilm.gov.cn/chinafilm/contents/167/2909.shtml,国家电影局关于2018年05月（中旬）全国电影剧本（梗概）备案、...
http://www.chinafilm.gov.cn/chinafilm/contents/167/2910.shtml,国家电影局关于2018年05月（上旬）全国电影剧本（梗概）备案、...
http://www.chinafilm.gov.cn/chinafilm/contents/167/2911.shtml,国家电影局关于2018年04月（下旬）全国电影剧本（梗概）备案、...
http://www.chinafilm.gov.cn/chinafilm/contents/167/2912.shtml,国家电影局关于2018年04月（中旬）全国电影剧本（梗概）备案、...
http://www.chinafilm.gov.cn/chinafilm/contents/167/2913.shtml,国家电影局关于2018年04月（上旬）全国电影剧本（梗概）备案、...
http://www.chinafilm.gov.cn/chinafilm/contents/167/2914.shtml,国家新闻出版广电总局电影局关于2018年03月（下旬）全国电影剧本...
http://www.chinafilm.gov.cn/chinafilm/contents/167/2915.shtml,国家新闻出版广电总局电影局关于2018年03月（中旬）全国电影剧本...
http://www.chinafilm.gov.cn/chinafilm/contents/167/2916.shtml,国家新闻出版广电总局电影局关于2018年03月（上旬）全国电影剧本...
http://www.chinafilm.gov.cn/chinafilm/contents/167/2917.shtml,国家新闻出版广电总局电影局关于2018年02月（中旬、下旬）全国电...
http://www.chinafilm.gov.cn/chinafilm/contents/167/2918.shtml,国家新闻出版广电总局电影局关于2018年02月（上旬）全国电影剧本...
http://www.chinafilm.gov.cn/chinafilm/contents/167/2919.shtml,国家新闻出版广电总局电影局关于2018年01月（下旬）全国电影剧本...
http://www.chinafilm.gov.cn/chinafilm/contents/167/2920.shtml,国家新闻出版广电总局电影局关于2018年01月（中旬）全国电影剧本...
http://www.chinafilm.gov.cn/chinafilm/contents/167/2921.shtml,国家新闻出版广电总局电影局关于2018年01月（上旬）全国电影剧本...
http://www.chinafilm.gov.cn/chinafilm/contents/167/2922.shtml,国家新闻出版广电总局电影局关于2017年12月（下旬）全国电影剧本...
http://www.chinafilm.gov.cn/chinafilm/contents/167/2923.shtml,国家新闻出版广电总局电影局关于2017年12月（中旬）全国电影剧本...
http://www.chinafilm.gov.cn/chinafilm/contents/167/2924.shtml,国家新闻出版广电总局电影局关于2017年12月（上旬）全国电影剧本...
http://www.chinafilm.gov.cn/chinafilm/contents/167/2925.shtml,国家新闻出版广电总局电影局关于2017年11月（下旬）全国电影剧本...
http://www.chinafilm.gov.cn/chinafilm/contents/167/2926.shtml,国家新闻出版广电总局电影局关于2017年11月（中旬）全国电影剧本...
http://www.chinafilm.gov.cn/chinafilm/contents/167/2927.shtml,国家新闻出版广电总局电影局关于2017年11月（上旬）全国电影剧本...
http://www.chinafilm.gov.cn/chinafilm/contents/167/2928.shtml,国家新闻出版广电总局电影局关于2017年10月（下旬）全国电影剧本...
http://www.chinafilm.gov.cn/chinafilm/contents/167/2929.shtml,国家新闻出版广电总局电影局关于2017年10月（中旬）全国电影剧本...
http://www.chinafilm.gov.cn/chinafilm/contents/167/2930.shtml,国家新闻出版广电总局电影局关于2017年09月（下旬）、10月（上旬...
http://www.chinafilm.gov.cn/chinafilm/contents/167/2931.shtml,国家新闻出版广电总局电影局关于2017年09月（中旬）全国电影剧本...
http://www.chinafilm.gov.cn/chinafilm/contents/167/2932.shtml,国家新闻出版广电总局电影局关于2017年09月（上旬）全国电影剧本...
http://www.chinafilm.gov.cn/chinafilm/contents/167/2933.shtml,国家新闻出版广电总局电影局关于2017年08月（下旬）全国电影剧本...
http://www.chinafilm.gov.cn/chinafilm/contents/167/2934.shtml,国家新闻出版广电总局电影局关于2017年08月（中旬）全国电影剧本...
http://www.chinafilm.gov.cn/chinafilm/contents/167/2935.shtml,国家新闻出版广电总局电影局关于2017年08月（上旬）全国电影剧本...
http://www.chinafilm.gov.cn/chinafilm/contents/167/2936.shtml,国家新闻出版广电总局电影局关于2017年07月（下旬）全国电影剧本...
http://www.chinafilm.gov.cn/chinafilm/contents/167/2937.shtml,国家新闻出版广电总局电影局关于2017年07月（中旬）全国电影剧本...
http://www.chinafilm.gov.cn/chinafilm/contents/167/2938.shtml,国家新闻出版广电总局电影局关于2017年07月（上旬）全国电影剧本...
http://www.chinafilm.gov.cn/chinafilm/contents/167/2939.shtml,国家新闻出版广电总局电影局关于2017年06月（下旬）全国电影剧本...
http://www.chinafilm.gov.cn/chinafilm/contents/167/2940.shtml,国家新闻出版广电总局电影局关于2017年06月（中旬）全国电影剧本...
http://www.chinafilm.gov.cn/chinafilm/contents/167/2941.shtml,国家新闻出版广电总局电影局关于2017年06月（上旬）全国电影剧本...
http://www.chinafilm.gov.cn/chinafilm/contents/167/2942.shtml,国家新闻出版广电总局电影局关于2017年05月（下旬）全国电影剧本...
http://www.chinafilm.gov.cn/chinafilm/contents/167/2943.shtml,国家新闻出版广电总局电影局关于2017年05月（中旬）全国电影剧本...
http://www.chinafilm.gov.cn/chinafilm/contents/167/2944.shtml,国家新闻出版广电总局电影局关于2017年05月（上旬）全国电影剧本...
http://www.chinafilm.gov.cn/chinafilm/contents/167/2945.shtml,国家新闻出版广电总局电影局关于2017年04月（下旬）全国电影剧本...
http://www.chinafilm.gov.cn/chinafilm/contents/167/2946.shtml,国家新闻出版广电总局电影局关于2017年04月（中旬）全国电影剧本...
http://www.chinafilm.gov.cn/chinafilm/contents/167/2947.shtml,国家新闻出版广电总局电影局关于2017年04月（上旬）全国电影剧本...
http://www.chinafilm.gov.cn/chinafilm/contents/167/2948.shtml,国家新闻出版广电总局电影局关于2017年03月（下旬）全国电影剧本...
http://www.chinafilm.gov.cn/chinafilm/contents/167/2949.shtml,国家新闻出版广电总局电影局关于2017年03月（中旬）全国电影剧本...
http://www.chinafilm.gov.cn/chinafilm/contents/167/2950.shtml,国家新闻出版广电总局电影局关于2017年03月（上旬）全国电影剧本...
http://www.chinafilm.gov.cn/chinafilm/contents/167/2951.shtml,国家新闻出版广电总局电影局关于2017年02月（下旬）全国电影剧本...
http://www.chinafilm.gov.cn/chinafilm/contents/167/2952.shtml,国家新闻出版广电总局电影局关于2017年02月（中旬）全国电影剧本...
http://www.chinafilm.gov.cn/chinafilm/contents/167/2953.shtml,国家新闻出版广电总局电影局关于2017年02月（上旬）全国电影剧本...
http://www.chinafilm.gov.cn/chinafilm/contents/167/2954.shtml,国家新闻出版广电总局电影局关于2017年01月（下旬）全国电影剧本...
http://www.chinafilm.gov.cn/chinafilm/contents/167/2955.shtml,国家新闻出版广电总局电影局关于2017年01月（中旬）全国电影剧本...
http://www.chinafilm.gov.cn/chinafilm/contents/167/2956.shtml,国家新闻出版广电总局电影局关于2017年01月（上旬）全国电影剧本...
http://www.chinafilm.gov.cn/chinafilm/contents/167/2957.shtml,国家新闻出版广电总局电影局关于2016年12月（下旬）全国电影剧本...
http://www.chinafilm.gov.cn/chinafilm/contents/167/2958.shtml,国家新闻出版广电总局电影局关于2016年12月（中旬）全国电影剧本...
http://www.chinafilm.gov.cn/chinafilm/contents/167/2959.shtml,国家新闻出版广电总局电影局关于2016年12月（上旬）全国电影剧本...
http://www.chinafilm.gov.cn/chinafilm/contents/167/2960.shtml,国家新闻出版广电总局电影局关于2016年11月（下旬）全国电影剧本...
http://www.chinafilm.gov.cn/chinafilm/contents/167/2961.shtml,国家新闻出版广电总局电影局关于2016年11月（中旬）全国电影剧本...
http://www.chinafilm.gov.cn/chinafilm/contents/167/2962.shtml,国家新闻出版广电总局电影局关于2016年11月（上旬）全国电影剧本...
http://www.chinafilm.gov.cn/chinafilm/contents/167/2963.shtml,国家新闻出版广电总局电影局关于2016年10月（下旬）全国电影剧本...
http://www.chinafilm.gov.cn/chinafilm/contents/167/2964.shtml,国家新闻出版广电总局电影局关于2016年10月（中旬）全国电影剧本...
http://www.chinafilm.gov.cn/chinafilm/contents/167/2965.shtml,国家新闻出版广电总局电影局关于2016年09月（下旬）10月（上旬）...
http://www.chinafilm.gov.cn/chinafilm/contents/167/2966.shtml,国家新闻出版广电总局电影局关于2016年09月（中旬）全国电影剧本...
http://www.chinafilm.gov.cn/chinafilm/contents/167/2967.shtml,国家新闻出版广电总局电影局关于2016年09月（上旬）全国电影剧本...
http://www.chinafilm.gov.cn/chinafilm/contents/167/2968.shtml,国家新闻出版广电总局电影局关于2016年08月（下旬）全国电影剧本...
http://www.chinafilm.gov.cn/chinafilm/contents/167/2969.shtml,国家新闻出版广电总局电影局关于2016年08月（中旬）全国电影剧本...
http://www.chinafilm.gov.cn/chinafilm/contents/167/2970.shtml,国家新闻出版广电总局电影局关于2016年08月（上旬）全国电影剧本...
http://www.chinafilm.gov.cn/chinafilm/contents/167/2971.shtml,国家新闻出版广电总局电影局关于2016年07月（下旬）全国电影剧本...
http://www.chinafilm.gov.cn/chinafilm/contents/167/2972.shtml,国家新闻出版广电总局电影局关于2016年07月（中旬）全国电影剧本...
http://www.chinafilm.gov.cn/chinafilm/contents/167/2973.shtml,国家新闻出版广电总局电影局关于2016年07月（上旬）全国电影剧本...
http://www.chinafilm.gov.cn/chinafilm/contents/167/2974.shtml,国家新闻出版广电总局电影局关于2016年06月（下旬）全国电影剧本...
http://www.chinafilm.gov.cn/chinafilm/contents/167/2975.shtml,国家新闻出版广电总局电影局关于2016年06月（中旬）全国电影剧本...
http://www.chinafilm.gov.cn/chinafilm/contents/167/2976.shtml,国家新闻出版广电总局电影局关于2016年06月（上旬）全国电影剧本...
http://www.chinafilm.gov.cn/chinafilm/contents/167/2977.shtml,国家新闻出版广电总局电影局关于2016年05月（下旬）全国电影剧本...
http://www.chinafilm.gov.cn/chinafilm/contents/167/2978.shtml,国家新闻出版广电总局电影局关于2016年05月（中旬）全国电影剧本...
http://www.chinafilm.gov.cn/chinafilm/contents/167/2979.shtml,国家新闻出版广电总局电影局关于2016年05月（上旬）全国电影剧本...
http://www.chinafilm.gov.cn/chinafilm/contents/167/2980.shtml,国家新闻出版广电总局电影局关于2016年04月（下旬）全国电影剧本...
http://www.chinafilm.gov.cn/chinafilm/contents/167/2981.shtml,国家新闻出版广电总局电影局关于2016年04月（中旬）全国电影剧本...
http://www.chinafilm.gov.cn/chinafilm/contents/167/2982.shtml,国家新闻出版广电总局电影局关于2016年04月（上旬）全国电影剧本...
http://www.chinafilm.gov.cn/chinafilm/contents/167/2983.shtml,国家新闻出版广电总局电影局关于2016年03月（下旬）全国电影剧本...
http://www.chinafilm.gov.cn/chinafilm/contents/167/2984.shtml,国家新闻出版广电总局电影局关于2016年03月（中旬）全国电影剧本...
http://www.chinafilm.gov.cn/chinafilm/contents/167/2985.shtml,国家新闻出版广电总局电影局关于2016年03月（上旬）全国电影剧本...
http://www.chinafilm.gov.cn/chinafilm/contents/167/2986.shtml,国家新闻出版广电总局电影局关于2016年02月（下旬）全国电影剧本...
http://www.chinafilm.gov.cn/chinafilm/contents/167/2987.shtml,国家新闻出版广电总局电影局关于2016年02月（中旬）全国电影剧本...
http://www.chinafilm.gov.cn/chinafilm/contents/167/2988.shtml,国家新闻出版广电总局电影局关于2016年02月（上旬）全国电影剧本...
http://www.chinafilm.gov.cn/chinafilm/contents/167/2989.shtml,国家新闻出版广电总局电影局关于2016年01月（下旬）全国电影剧本...
http://www.chinafilm.gov.cn/chinafilm/contents/167/2990.shtml,国家新闻出版广电总局电影局关于2016年01月（中旬）全国电影剧本...
http://www.chinafilm.gov.cn/chinafilm/contents/167/2991.shtml,国家新闻出版广电总局电影局关于2016年01月（上旬）全国电影剧本...
http://www.chinafilm.gov.cn/chinafilm/contents/167/2992.shtml,国家新闻出版广电总局电影局关于2015年12月（下旬）全国电影剧本...
http://www.chinafilm.gov.cn/chinafilm/contents/167/2993.shtml,国家新闻出版广电总局电影局关于2015年12月（中旬）全国电影剧本...
http://www.chinafilm.gov.cn/chinafilm/contents/167/2994.shtml,国家新闻出版广电总局电影局关于2015年12月（上旬）全国电影剧本...
http://www.chinafilm.gov.cn/chinafilm/contents/167/2995.shtml,国家新闻出版广电总局电影局关于2015年11月（下旬）全国电影剧本...
http://www.chinafilm.gov.cn/chinafilm/contents/167/2996.shtml,国家新闻出版广电总局电影局关于2015年11月（中旬）全国电影剧本...
http://www.chinafilm.gov.cn/chinafilm/contents/167/2997.shtml,国家新闻出版广电总局电影局关于2015年11月（上旬）全国电影剧本...
http://www.chinafilm.gov.cn/chinafilm/contents/167/2998.shtml,国家新闻出版广电总局电影局关于2015年10月（下旬）全国电影剧本...
http://www.chinafilm.gov.cn/chinafilm/contents/167/2999.shtml,国家新闻出版广电总局电影局关于2015年10月（中旬）全国电影剧本...
http://www.chinafilm.gov.cn/chinafilm/contents/167/3000.shtml,国家新闻出版广电总局电影局关于2015年09月（下旬）、10月（上旬...
http://www.chinafilm.gov.cn/chinafilm/contents/167/3001.shtml,国家新闻出版广电总局电影局关于2015年09月（中旬）全国电影剧本...
http://www.chinafilm.gov.cn/chinafilm/contents/167/3002.shtml,国家新闻出版广电总局电影局关于2015年09月（上旬）全国电影剧本...
http://www.chinafilm.gov.cn/chinafilm/contents/167/3003.shtml,国家新闻出版广电总局电影局关于2015年08月（下旬）全国电影剧本...
http://www.chinafilm.gov.cn/chinafilm/contents/167/3004.shtml,国家新闻出版广电总局电影局关于2015年08月（中旬）全国电影剧本...
http://www.chinafilm.gov.cn/chinafilm/contents/167/3005.shtml,国家新闻出版广电总局电影局关于2015年08月（上旬）全国电影剧本...
http://www.chinafilm.gov.cn/chinafilm/contents/167/3006.shtml,国家新闻出版广电总局电影局关于2015年07月（下旬）全国电影剧本...
http://www.chinafilm.gov.cn/chinafilm/contents/167/3007.shtml,国家新闻出版广电总局电影局关于2015年07月（中旬）全国电影剧本...
http://www.chinafilm.gov.cn/chinafilm/contents/167/3008.shtml,国家新闻出版广电总局电影局关于2015年07月（上旬）全国电影剧本...
http://www.chinafilm.gov.cn/chinafilm/contents/167/3009.shtml,国家新闻出版广电总局电影局关于2015年06月（下旬）全国电影剧本...
http://www.chinafilm.gov.cn/chinafilm/contents/167/3010.shtml,国家新闻出版广电总局电影局关于2015年06月（中旬）全国电影剧本...
http://www.chinafilm.gov.cn/chinafilm/contents/167/3011.shtml,国家新闻出版广电总局电影局关于2015年06月（上旬）全国电影剧本...
http://www.chinafilm.gov.cn/chinafilm/contents/167/3012.shtml,国家新闻出版广电总局电影局关于2015年05月（下旬）全国电影剧本...
http://www.chinafilm.gov.cn/chinafilm/contents/167/3013.shtml,国家新闻出版广电总局电影局关于2015年05月（中旬）全国电影剧本...
http://www.chinafilm.gov.cn/chinafilm/contents/167/3014.shtml,国家新闻出版广电总局电影局关于2015年05月（上旬）全国电影剧本...
http://www.chinafilm.gov.cn/chinafilm/contents/167/3015.shtml,国家新闻出版广电总局电影局关于2015年04月（下旬）全国电影剧本...
http://www.chinafilm.gov.cn/chinafilm/contents/167/3016.shtml,国家新闻出版广电总局电影局关于2015年04月（中旬）全国电影剧本...
http://www.chinafilm.gov.cn/chinafilm/contents/167/3017.shtml,国家新闻出版广电总局电影局关于2015年04月（上旬）全国电影剧本...
http://www.chinafilm.gov.cn/chinafilm/contents/167/3018.shtml,国家新闻出版广电总局电影局关于2015年03月（下旬）全国电影剧本...
http://www.chinafilm.gov.cn/chinafilm/contents/167/3019.shtml,国家新闻出版广电总局电影局关于2015年03月（中旬）全国电影剧本...
http://www.chinafilm.gov.cn/chinafilm/contents/167/3020.shtml,国家新闻出版广电总局电影局关于2015年03月（上旬）全国电影剧本...
http://www.chinafilm.gov.cn/chinafilm/contents/167/3021.shtml,国家新闻出版广电总局电影局关于2015年02月（下旬）全国电影剧本...
http://www.chinafilm.gov.cn/chinafilm/contents/167/3022.shtml,国家新闻出版广电总局电影局关于2015年02月（上旬）全国电影剧本...
http://www.chinafilm.gov.cn/chinafilm/contents/167/3023.shtml,国家新闻出版广电总局电影局关于2015年01月（下旬）全国电影剧本...
http://www.chinafilm.gov.cn/chinafilm/contents/167/3024.shtml,广电总局电影局关于2015年1月（上旬）全国电影剧本（梗概）备案...
http://www.chinafilm.gov.cn/chinafilm/contents/167/3025.shtml,广电总局电影局关于2014年12月（下旬）全国电影剧本（梗概）备案...
http://www.chinafilm.gov.cn/chinafilm/contents/167/3026.shtml,广电总局电影局关于2014年12月（上旬）全国电影剧本（梗概）备案...
http://www.chinafilm.gov.cn/chinafilm/contents/167/3027.shtml,广电总局电影局关于2014年11月（下旬）全国电影剧本（梗概）备案...
http://www.chinafilm.gov.cn/chinafilm/contents/167/3028.shtml,广电总局电影局关于2014年11月（上旬）全国电影剧本（梗概）备案...
http://www.chinafilm.gov.cn/chinafilm/contents/167/3029.shtml,广电总局电影局关于2014年10月全国电影剧本（梗概）备案、立项公...
http://www.chinafilm.gov.cn/chinafilm/contents/167/3030.shtml,广电总局电影局关于2014年10月（上旬）全国电影剧本（梗概）备案...
http://www.chinafilm.gov.cn/chinafilm/contents/167/3031.shtml,广电总局电影局关于2014年09月下旬全国电影剧本（梗概）备案、立...
http://www.chinafilm.gov.cn/chinafilm/contents/167/3032.shtml,广电总局电影局关于2014年09月（上旬）全国电影剧本（梗概）备案...
http://www.chinafilm.gov.cn/chinafilm/contents/167/3033.shtml,广电总局电影局关于2014年08月（下旬）全国电影剧本（梗概）备案...
http://www.chinafilm.gov.cn/chinafilm/contents/167/3034.shtml,广电总局电影局关于2014年08月（上旬）全国电影剧本（梗概）备案...
http://www.chinafilm.gov.cn/chinafilm/contents/167/3035.shtml,广电总局电影局关于2014年07月（下旬）全国电影剧本（梗概）备案...
http://www.chinafilm.gov.cn/chinafilm/contents/167/3036.shtml,广电总局电影局关于2014年07月（上旬）全国电影剧本（梗概）备案...
http://www.chinafilm.gov.cn/chinafilm/contents/167/3037.shtml,广电总局电影局关于2014年06月（下旬）全国电影剧本（梗概）备案...
http://www.chinafilm.gov.cn/chinafilm/contents/167/3038.shtml,广电总局电影局关于2014年06月（上旬）全国电影剧本（梗概）备案...
http://www.chinafilm.gov.cn/chinafilm/contents/167/3039.shtml,广电总局电影局关于2014年05月（下旬）全国电影剧本（梗概）备案...
http://www.chinafilm.gov.cn/chinafilm/contents/167/3040.shtml,广电总局电影局关于2014年05月（上旬）全国电影剧本（梗概）备案...
http://www.chinafilm.gov.cn/chinafilm/contents/167/3041.shtml,广电总局电影局关于2014年04月（下旬）全国电影剧本（梗概）备案...
http://www.chinafilm.gov.cn/chinafilm/contents/167/3042.shtml,广电总局电影局关于2014年04月（上旬）全国电影剧本（梗概）备案...
http://www.chinafilm.gov.cn/chinafilm/contents/167/3043.shtml,广电总局电影局关于2014年03月（下旬）全国电影剧本（梗概）备案...
http://www.chinafilm.gov.cn/chinafilm/contents/167/3044.shtml,广电总局电影局关于2014年03月（上旬）全国电影剧本（梗概）备案...
http://www.chinafilm.gov.cn/chinafilm/contents/167/3045.shtml,广电总局电影局关于2014年02月（下旬）全国电影剧本（梗概）备案...
http://www.chinafilm.gov.cn/chinafilm/contents/167/3046.shtml,广电总局电影局关于2014年02月（上旬）全国电影剧本（梗概）备案...
http://www.chinafilm.gov.cn/chinafilm/contents/167/3047.shtml,广电总局电影局关于2014年01月（下旬）全国电影剧本（梗概）备案...
http://www.chinafilm.gov.cn/chinafilm/contents/167/3048.shtml,广电总局电影局关于2014年01月（上旬）全国电影剧本（梗概）备案...
http://www.chinafilm.gov.cn/chinafilm/contents/167/3049.shtml,广电总局电影局关于2013年12月（下旬）全国电影剧本（梗概）备案...
http://www.chinafilm.gov.cn/chinafilm/contents/167/3050.shtml,广电总局电影局关于2013年12月（上旬）全国电影剧本（梗概）备案...
http://www.chinafilm.gov.cn/chinafilm/contents/167/3051.shtml,广电总局电影局关于2013年11月（下旬）全国电影剧本（梗概）备案...
http://www.chinafilm.gov.cn/chinafilm/contents/167/3052.shtml,广电总局电影局关于2013年11月（上旬）全国电影剧本（梗概）备案...
http://www.chinafilm.gov.cn/chinafilm/contents/167/3053.shtml,广电总局电影局关于2013年10月（下旬）全国电影剧本（梗概）备案...
http://www.chinafilm.gov.cn/chinafilm/contents/167/3054.shtml,广电总局电影局关于2013年10月（上旬）全国电影剧本（梗概）备案...
http://www.chinafilm.gov.cn/chinafilm/contents/167/3055.shtml,广电总局电影局关于2013年09月（下旬）全国电影剧本（梗概）备案...
http://www.chinafilm.gov.cn/chinafilm/contents/167/3056.shtml,广电总局电影局关于2013年09月（上旬）全国电影剧本（梗概）备案...
http://www.chinafilm.gov.cn/chinafilm/contents/167/3057.shtml,广电总局电影局关于2013年08月（下旬）全国电影剧本（梗概）备案...
http://www.chinafilm.gov.cn/chinafilm/contents/167/3058.shtml,广电总局电影局关于2013年08月（上旬）全国电影剧本（梗概）备案...
http://www.chinafilm.gov.cn/chinafilm/contents/167/3059.shtml,广电总局电影局关于2013年07月（下旬）全国电影剧本（梗概）备案...
http://www.chinafilm.gov.cn/chinafilm/contents/167/3060.shtml,广电总局电影局关于2013年07月（上旬）全国电影剧本（梗概）备案...
http://www.chinafilm.gov.cn/chinafilm/contents/167/3061.shtml,广电总局电影局关于2013年06月（下旬）全国电影剧本（梗概）备案...
http://www.chinafilm.gov.cn/chinafilm/contents/167/3062.shtml,广电总局电影局关于2013年06月（上旬）全国电影剧本（梗概）备案...
http://www.chinafilm.gov.cn/chinafilm/contents/167/3063.shtml,广电总局电影局关于2013年05月（下旬）全国电影剧本（梗概）备案...
http://www.chinafilm.gov.cn/chinafilm/contents/167/3064.shtml,广电总局电影局关于2013年04月（下旬）、05月（上旬）全国电影剧...
http://www.chinafilm.gov.cn/chinafilm/contents/167/3065.shtml,广电总局电影局关于2013年04月（上旬）全国电影剧本（梗概）备案...
http://www.chinafilm.gov.cn/chinafilm/contents/167/3066.shtml,广电总局电影局关于2013年03月（下旬）全国电影剧本（梗概）备案...
http://www.chinafilm.gov.cn/chinafilm/contents/167/3067.shtml,广电总局电影局关于2013年03月（上旬）全国电影剧本（梗概）备案...
http://www.chinafilm.gov.cn/chinafilm/contents/167/3068.shtml,广电总局电影局关于2013年02月全国电影剧本（梗概）备案、立项公...
http://www.chinafilm.gov.cn/chinafilm/contents/167/3069.shtml,广电总局电影局关于2013年01月（下旬）全国电影剧本（梗概）备案...
http://www.chinafilm.gov.cn/chinafilm/contents/167/3070.shtml,广电总局电影局关于2013年01月（上旬）全国电影剧本（梗概）备案...
http://www.chinafilm.gov.cn/chinafilm/contents/167/3071.shtml,广电总局电影局关于2012年12月（下旬）全国电影剧本（梗概）备案...
http://www.chinafilm.gov.cn/chinafilm/contents/167/3072.shtml,广电总局电影局关于2012年12月（上旬）全国电影剧本（梗概）备案...
http://www.chinafilm.gov.cn/chinafilm/contents/167/3073.shtml,广电总局电影局关于2012年11月（下旬）全国电影剧本（梗概）备案...
http://www.chinafilm.gov.cn/chinafilm/contents/167/3074.shtml,广电总局电影局关于2012年11月（上旬）全国电影剧本（梗概）备案...
http://www.chinafilm.gov.cn/chinafilm/contents/167/3075.shtml,广电总局电影局关于2012年10月（下旬）全国电影剧本（梗概）备案...
http://www.chinafilm.gov.cn/chinafilm/contents/167/3076.shtml,广电总局电影局关于2012年10月（上旬）全国电影剧本（梗概）备案...
http://www.chinafilm.gov.cn/chinafilm/contents/167/3077.shtml,广电总局电影局关于2012年09月（上旬）全国电影剧本（梗概）备案...
http://www.chinafilm.gov.cn/chinafilm/contents/167/3078.shtml,广电总局电影局关于2012年08月（下旬）全国电影剧本（梗概）备案...
http://www.chinafilm.gov.cn/chinafilm/contents/167/3079.shtml,广电总局电影局关于2012年08月（上旬）全国电影剧本（梗概）备案...
http://www.chinafilm.gov.cn/chinafilm/contents/167/3080.shtml,广电总局电影局关于2012年07月（下旬）全国电影剧本（梗概）备案...
http://www.chinafilm.gov.cn/chinafilm/contents/167/3081.shtml,广电总局电影局关于2012年07月（上旬）全国电影剧本（梗概）备案...
http://www.chinafilm.gov.cn/chinafilm/contents/167/3082.shtml,广电总局电影局关于2011年06月（下旬）全国电影剧本（梗概）备案...
http://www.chinafilm.gov.cn/chinafilm/contents/167/3083.shtml,广电总局电影局关于2012年06月（上旬）全国电影剧本（梗概）备案...
http://www.chinafilm.gov.cn/chinafilm/contents/167/3084.shtml,广电总局电影局关于2012年05月（下旬）全国电影剧本（梗概）备案...
http://www.chinafilm.gov.cn/chinafilm/contents/167/3085.shtml,广电总局电影局关于2012年05月（上旬）全国电影剧本（梗概）备案...
http://www.chinafilm.gov.cn/chinafilm/contents/167/3086.shtml,广电总局电影局关于2012年04月（下旬）全国电影剧本（梗概）备案...
http://www.chinafilm.gov.cn/chinafilm/contents/167/3087.shtml,广电总局电影局关于2012年04月（上旬）全国电影剧本（梗概）备案...
http://www.chinafilm.gov.cn/chinafilm/contents/167/3088.shtml,广电总局电影局关于2012年03月（下旬）全国电影剧本（梗概）备案...
http://www.chinafilm.gov.cn/chinafilm/contents/167/3089.shtml,广电总局电影局关于2012年03月（上旬）全国电影剧本（梗概）备案...
http://www.chinafilm.gov.cn/chinafilm/contents/167/3090.shtml,广电总局电影局关于2012年02月（下旬）全国电影剧本（梗概）备案...
http://www.chinafilm.gov.cn/chinafilm/contents/167/3091.shtml,广电总局电影局关于2012年02月（上旬）全国电影剧本（梗概）备案...
http://www.chinafilm.gov.cn/chinafilm/contents/167/3092.shtml,广电总局电影局关于2012年01月全国电影剧本（梗概）备案、立项公...
http://www.chinafilm.gov.cn/chinafilm/contents/167/3093.shtml,广电总局电影局关于2011年12月（下旬）全国电影剧本（梗概）备案...
http://www.chinafilm.gov.cn/chinafilm/contents/167/3094.shtml,广电总局电影局关于2011年12月（上旬）全国电影剧本（梗概）备案...
http://www.chinafilm.gov.cn/chinafilm/contents/167/3095.shtml,广电总局电影局关于2011年11月（下旬）全国电影剧本（梗概）备案...
http://www.chinafilm.gov.cn/chinafilm/contents/167/3096.shtml,广电总局电影局关于2011年11月(上旬)全国电影剧本（梗概）备案、...
http://www.chinafilm.gov.cn/chinafilm/contents/167/3097.shtml,广电总局电影局关于2011年10月（下旬）全国电影剧本（梗概）备案...
http://www.chinafilm.gov.cn/chinafilm/contents/167/3098.shtml,广电总局电影局关于2011年10月(上旬)全国电影剧本（梗概）备案、...
http://www.chinafilm.gov.cn/chinafilm/contents/167/3099.shtml,广电总局电影局关于2011年09月(下旬)全国电影剧本（梗概）备案、...
http://www.chinafilm.gov.cn/chinafilm/contents/167/3100.shtml,广电总局电影局关于2011年09月（上旬）全国电影剧本（梗概）备案...
http://www.chinafilm.gov.cn/chinafilm/contents/167/3101.shtml,广电总局电影局关于2011年08月（下旬）全国电影剧本（梗概）备案...
http://www.chinafilm.gov.cn/chinafilm/contents/167/3102.shtml,广电总局电影局关于2011年08月（上旬）全国电影剧本（梗概）备案...
http://www.chinafilm.gov.cn/chinafilm/contents/167/3103.shtml,广电总局电影局关于2011年07月（下旬）全国电影剧本（梗概）备案...
http://www.chinafilm.gov.cn/chinafilm/contents/167/3104.shtml,广电总局电影局关于2011年07月（上旬）全国电影剧本（梗概）备案...
http://www.chinafilm.gov.cn/chinafilm/contents/167/3105.shtml,广电总局电影局关于2011年06月（下旬）全国电影剧本（梗概）备案...
http://www.chinafilm.gov.cn/chinafilm/contents/167/3106.shtml,广电总局电影局关于2011年06月（上旬）全国电影剧本（梗概）备案...
http://www.chinafilm.gov.cn/chinafilm/contents/167/3107.shtml,广电总局电影局关于2011年05月（下旬）全国电影剧本（梗概）备案...
http://www.chinafilm.gov.cn/chinafilm/contents/167/3108.shtml,广电总局电影局关于2011年05月（上旬）全国电影剧本（梗概）备案...
http://www.chinafilm.gov.cn/chinafilm/contents/167/3109.shtml,广电总局电影局关于2011年04月（下旬）全国电影剧本（梗概）备案...
http://www.chinafilm.gov.cn/chinafilm/contents/167/3110.shtml,广电总局电影局关于2011年04月（上旬）全国电影剧本（梗概）备案...
http://www.chinafilm.gov.cn/chinafilm/contents/167/3111.shtml,广电总局电影局关于2011年03月（下旬）全国电影剧本（梗概）备案...
http://www.chinafilm.gov.cn/chinafilm/contents/167/3112.shtml,广电总局电影局关于2011年03月（上旬）全国电影剧本（梗概）备案...
http://www.chinafilm.gov.cn/chinafilm/contents/167/3113.shtml,广电总局电影局关于2011年02月（下旬）全国电影剧本（梗概）备案...
http://www.chinafilm.gov.cn/chinafilm/contents/167/3114.shtml,广电总局电影局关于2011年02月（上旬）全国电影剧本（梗概）备案...
http://www.chinafilm.gov.cn/chinafilm/contents/167/3115.shtml,广电总局电影局关于2011年01月（下旬）全国 电影剧本（梗概）备...
